[{"model": "movies.genre", "pk": 12, "fields": {"name": "모험"}}, {"model": "movies.genre", "pk": 14, "fields": {"name": "판타지"}}, {"model": "movies.genre", "pk": 16, "fields": {"name": "애니메이션"}}, {"model": "movies.genre", "pk": 18, "fields": {"name": "드라마"}}, {"model": "movies.genre", "pk": 27, "fields": {"name": "공포"}}, {"model": "movies.genre", "pk": 28, "fields": {"name": "액션"}}, {"model": "movies.genre", "pk": 35, "fields": {"name": "코미디"}}, {"model": "movies.genre", "pk": 36, "fields": {"name": "역사"}}, {"model": "movies.genre", "pk": 37, "fields": {"name": "서부"}}, {"model": "movies.genre", "pk": 53, "fields": {"name": "스릴러"}}, {"model": "movies.genre", "pk": 80, "fields": {"name": "범죄"}}, {"model": "movies.genre", "pk": 99, "fields": {"name": "다큐멘터리"}}, {"model": "movies.genre", "pk": 878, "fields": {"name": "SF"}}, {"model": "movies.genre", "pk": 9648, "fields": {"name": "미스터리"}}, {"model": "movies.genre", "pk": 10402, "fields": {"name": "음악"}}, {"model": "movies.genre", "pk": 10749, "fields": {"name": "로맨스"}}, {"model": "movies.genre", "pk": 10751, "fields": {"name": "가족"}}, {"model": "movies.genre", "pk": 10752, "fields": {"name": "전쟁"}}, {"model": "movies.genre", "pk": 10770, "fields": {"name": "TV 영화"}}, {"model": "movies.area", "pk": 1, "fields": {"name": "아시아"}}, {"model": "movies.area", "pk": 2, "fields": {"name": "서유럽"}}, {"model": "movies.area", "pk": 3, "fields": {"name": "동유럽 및 중동"}}, {"model": "movies.area", "pk": 4, "fields": {"name": "남미 및 북미"}}, {"model": "movies.country", "pk": 1, "fields": {"english_name": "Andorra", "korean_name": "안도라", "iso_3166_1": "AD", "area": null}}, {"model": "movies.country", "pk": 2, "fields": {"english_name": "United Arab Emirates", "korean_name": "아랍에미리트 연합", "iso_3166_1": "AE", "area": null}}, {"model": "movies.country", "pk": 3, "fields": {"english_name": "Afghanistan", "korean_name": "아프가니스탄", "iso_3166_1": "AF", "area": null}}, {"model": "movies.country", "pk": 4, "fields": {"english_name": "Antigua and Barbuda", "korean_name": "앤티가 바부다", "iso_3166_1": "AG", "area": null}}, {"model": "movies.country", "pk": 5, "fields": {"english_name": "Anguilla", "korean_name": "안길라", "iso_3166_1": "AI", "area": null}}, {"model": "movies.country", "pk": 6, "fields": {"english_name": "Albania", "korean_name": "알바니아", "iso_3166_1": "AL", "area": null}}, {"model": "movies.country", "pk": 7, "fields": {"english_name": "Armenia", "korean_name": "아르메니아", "iso_3166_1": "AM", "area": null}}, {"model": "movies.country", "pk": 8, "fields": {"english_name": "Netherlands Antilles", "korean_name": "네덜란드령 안틸레스", "iso_3166_1": "AN", "area": null}}, {"model": "movies.country", "pk": 9, "fields": {"english_name": "Angola", "korean_name": "앙골라", "iso_3166_1": "AO", "area": null}}, {"model": "movies.country", "pk": 10, "fields": {"english_name": "Antarctica", "korean_name": "남극 대륙", "iso_3166_1": "AQ", "area": null}}, {"model": "movies.country", "pk": 11, "fields": {"english_name": "Argentina", "korean_name": "아르헨티나", "iso_3166_1": "AR", "area": 4}}, {"model": "movies.country", "pk": 12, "fields": {"english_name": "American Samoa", "korean_name": "아메리칸 사모아", "iso_3166_1": "AS", "area": null}}, {"model": "movies.country", "pk": 13, "fields": {"english_name": "Austria", "korean_name": "오스트리아", "iso_3166_1": "AT", "area": null}}, {"model": "movies.country", "pk": 14, "fields": {"english_name": "Australia", "korean_name": "호주", "iso_3166_1": "AU", "area": null}}, {"model": "movies.country", "pk": 15, "fields": {"english_name": "Aruba", "korean_name": "아루바", "iso_3166_1": "AW", "area": null}}, {"model": "movies.country", "pk": 16, "fields": {"english_name": "Azerbaijan", "korean_name": "아제르바이잔", "iso_3166_1": "AZ", "area": null}}, {"model": "movies.country", "pk": 17, "fields": {"english_name": "Bosnia and Herzegovina", "korean_name": "보스니아 헤르체고비나", "iso_3166_1": "BA", "area": null}}, {"model": "movies.country", "pk": 18, "fields": {"english_name": "Barbados", "korean_name": "바베이도스", "iso_3166_1": "BB", "area": null}}, {"model": "movies.country", "pk": 19, "fields": {"english_name": "Bangladesh", "korean_name": "방글라데시", "iso_3166_1": "BD", "area": null}}, {"model": "movies.country", "pk": 20, "fields": {"english_name": "Belgium", "korean_name": "벨기에", "iso_3166_1": "BE", "area": null}}, {"model": "movies.country", "pk": 21, "fields": {"english_name": "Burkina Faso", "korean_name": "부르키나파소", "iso_3166_1": "BF", "area": null}}, {"model": "movies.country", "pk": 22, "fields": {"english_name": "Bulgaria", "korean_name": "불가리아", "iso_3166_1": "BG", "area": null}}, {"model": "movies.country", "pk": 23, "fields": {"english_name": "Bahrain", "korean_name": "바레인", "iso_3166_1": "BH", "area": null}}, {"model": "movies.country", "pk": 24, "fields": {"english_name": "Burundi", "korean_name": "부룬디", "iso_3166_1": "BI", "area": null}}, {"model": "movies.country", "pk": 25, "fields": {"english_name": "Benin", "korean_name": "베냉", "iso_3166_1": "BJ", "area": null}}, {"model": "movies.country", "pk": 26, "fields": {"english_name": "Bermuda", "korean_name": "버뮤다", "iso_3166_1": "BM", "area": null}}, {"model": "movies.country", "pk": 27, "fields": {"english_name": "Brunei Darussalam", "korean_name": "브루나이", "iso_3166_1": "BN", "area": null}}, {"model": "movies.country", "pk": 28, "fields": {"english_name": "Bolivia", "korean_name": "볼리비아", "iso_3166_1": "BO", "area": null}}, {"model": "movies.country", "pk": 29, "fields": {"english_name": "Brazil", "korean_name": "브라질", "iso_3166_1": "BR", "area": 4}}, {"model": "movies.country", "pk": 30, "fields": {"english_name": "Bahamas", "korean_name": "바하마", "iso_3166_1": "BS", "area": null}}, {"model": "movies.country", "pk": 31, "fields": {"english_name": "Bhutan", "korean_name": "부탄", "iso_3166_1": "BT", "area": null}}, {"model": "movies.country", "pk": 32, "fields": {"english_name": "Burma", "korean_name": "Burma", "iso_3166_1": "BU", "area": null}}, {"model": "movies.country", "pk": 33, "fields": {"english_name": "Bouvet Island", "korean_name": "부베", "iso_3166_1": "BV", "area": null}}, {"model": "movies.country", "pk": 34, "fields": {"english_name": "Botswana", "korean_name": "보츠와나", "iso_3166_1": "BW", "area": null}}, {"model": "movies.country", "pk": 35, "fields": {"english_name": "Belarus", "korean_name": "벨라루스", "iso_3166_1": "BY", "area": null}}, {"model": "movies.country", "pk": 36, "fields": {"english_name": "Belize", "korean_name": "벨리즈", "iso_3166_1": "BZ", "area": null}}, {"model": "movies.country", "pk": 37, "fields": {"english_name": "Canada", "korean_name": "캐나다", "iso_3166_1": "CA", "area": null}}, {"model": "movies.country", "pk": 38, "fields": {"english_name": "Cocos  Islands", "korean_name": "코코스제도", "iso_3166_1": "CC", "area": null}}, {"model": "movies.country", "pk": 39, "fields": {"english_name": "Congo", "korean_name": "콩고-킨샤사", "iso_3166_1": "CD", "area": null}}, {"model": "movies.country", "pk": 40, "fields": {"english_name": "Central African Republic", "korean_name": "중앙 아프리카 공화국", "iso_3166_1": "CF", "area": null}}, {"model": "movies.country", "pk": 41, "fields": {"english_name": "Congo", "korean_name": "콩고", "iso_3166_1": "CG", "area": null}}, {"model": "movies.country", "pk": 42, "fields": {"english_name": "Switzerland", "korean_name": "스위스", "iso_3166_1": "CH", "area": null}}, {"model": "movies.country", "pk": 43, "fields": {"english_name": "Cote D'Ivoire", "korean_name": "코트디부아르", "iso_3166_1": "CI", "area": null}}, {"model": "movies.country", "pk": 44, "fields": {"english_name": "Cook Islands", "korean_name": "쿡제도", "iso_3166_1": "CK", "area": null}}, {"model": "movies.country", "pk": 45, "fields": {"english_name": "Chile", "korean_name": "칠레", "iso_3166_1": "CL", "area": null}}, {"model": "movies.country", "pk": 46, "fields": {"english_name": "Cameroon", "korean_name": "카메룬", "iso_3166_1": "CM", "area": null}}, {"model": "movies.country", "pk": 47, "fields": {"english_name": "China", "korean_name": "중국", "iso_3166_1": "CN", "area": null}}, {"model": "movies.country", "pk": 48, "fields": {"english_name": "Colombia", "korean_name": "콜롬비아", "iso_3166_1": "CO", "area": null}}, {"model": "movies.country", "pk": 49, "fields": {"english_name": "Costa Rica", "korean_name": "코스타리카", "iso_3166_1": "CR", "area": null}}, {"model": "movies.country", "pk": 50, "fields": {"english_name": "Serbia and Montenegro", "korean_name": "Serbia and Montenegro", "iso_3166_1": "CS", "area": null}}, {"model": "movies.country", "pk": 51, "fields": {"english_name": "Cuba", "korean_name": "쿠바", "iso_3166_1": "CU", "area": null}}, {"model": "movies.country", "pk": 52, "fields": {"english_name": "Cape Verde", "korean_name": "까뽀베르데", "iso_3166_1": "CV", "area": null}}, {"model": "movies.country", "pk": 53, "fields": {"english_name": "Christmas Island", "korean_name": "크리스마스섬", "iso_3166_1": "CX", "area": null}}, {"model": "movies.country", "pk": 54, "fields": {"english_name": "Cyprus", "korean_name": "사이프러스", "iso_3166_1": "CY", "area": null}}, {"model": "movies.country", "pk": 55, "fields": {"english_name": "Czech Republic", "korean_name": "체코", "iso_3166_1": "CZ", "area": null}}, {"model": "movies.country", "pk": 56, "fields": {"english_name": "Germany", "korean_name": "독일", "iso_3166_1": "DE", "area": 2}}, {"model": "movies.country", "pk": 57, "fields": {"english_name": "Djibouti", "korean_name": "지부티", "iso_3166_1": "DJ", "area": null}}, {"model": "movies.country", "pk": 58, "fields": {"english_name": "Denmark", "korean_name": "덴마크", "iso_3166_1": "DK", "area": null}}, {"model": "movies.country", "pk": 59, "fields": {"english_name": "Dominica", "korean_name": "도미니카", "iso_3166_1": "DM", "area": null}}, {"model": "movies.country", "pk": 60, "fields": {"english_name": "Dominican Republic", "korean_name": "도미니카 공화국", "iso_3166_1": "DO", "area": null}}, {"model": "movies.country", "pk": 61, "fields": {"english_name": "Algeria", "korean_name": "알제리", "iso_3166_1": "DZ", "area": null}}, {"model": "movies.country", "pk": 62, "fields": {"english_name": "Ecuador", "korean_name": "에콰도르", "iso_3166_1": "EC", "area": null}}, {"model": "movies.country", "pk": 63, "fields": {"english_name": "Estonia", "korean_name": "에스토니아", "iso_3166_1": "EE", "area": null}}, {"model": "movies.country", "pk": 64, "fields": {"english_name": "Egypt", "korean_name": "이집트", "iso_3166_1": "EG", "area": null}}, {"model": "movies.country", "pk": 65, "fields": {"english_name": "Western Sahara", "korean_name": "서사하라", "iso_3166_1": "EH", "area": null}}, {"model": "movies.country", "pk": 66, "fields": {"english_name": "Eritrea", "korean_name": "에리트리아", "iso_3166_1": "ER", "area": null}}, {"model": "movies.country", "pk": 67, "fields": {"english_name": "Spain", "korean_name": "스페인", "iso_3166_1": "ES", "area": 2}}, {"model": "movies.country", "pk": 68, "fields": {"english_name": "Ethiopia", "korean_name": "이디오피아", "iso_3166_1": "ET", "area": null}}, {"model": "movies.country", "pk": 69, "fields": {"english_name": "Finland", "korean_name": "핀란드", "iso_3166_1": "FI", "area": null}}, {"model": "movies.country", "pk": 70, "fields": {"english_name": "Fiji", "korean_name": "피지", "iso_3166_1": "FJ", "area": null}}, {"model": "movies.country", "pk": 71, "fields": {"english_name": "Falkland Islands", "korean_name": "포클랜드 제도", "iso_3166_1": "FK", "area": null}}, {"model": "movies.country", "pk": 72, "fields": {"english_name": "Micronesia", "korean_name": "미크로네시아", "iso_3166_1": "FM", "area": null}}, {"model": "movies.country", "pk": 73, "fields": {"english_name": "Faeroe Islands", "korean_name": "페로제도", "iso_3166_1": "FO", "area": null}}, {"model": "movies.country", "pk": 74, "fields": {"english_name": "France", "korean_name": "프랑스", "iso_3166_1": "FR", "area": 2}}, {"model": "movies.country", "pk": 75, "fields": {"english_name": "Gabon", "korean_name": "가봉", "iso_3166_1": "GA", "area": null}}, {"model": "movies.country", "pk": 76, "fields": {"english_name": "United Kingdom", "korean_name": "영국", "iso_3166_1": "GB", "area": 2}}, {"model": "movies.country", "pk": 77, "fields": {"english_name": "Grenada", "korean_name": "그레나다", "iso_3166_1": "GD", "area": null}}, {"model": "movies.country", "pk": 78, "fields": {"english_name": "Georgia", "korean_name": "조지아", "iso_3166_1": "GE", "area": null}}, {"model": "movies.country", "pk": 79, "fields": {"english_name": "French Guiana", "korean_name": "프랑스령 기아나", "iso_3166_1": "GF", "area": null}}, {"model": "movies.country", "pk": 80, "fields": {"english_name": "Ghana", "korean_name": "가나", "iso_3166_1": "GH", "area": null}}, {"model": "movies.country", "pk": 81, "fields": {"english_name": "Gibraltar", "korean_name": "지브롤터", "iso_3166_1": "GI", "area": null}}, {"model": "movies.country", "pk": 82, "fields": {"english_name": "Greenland", "korean_name": "그린란드", "iso_3166_1": "GL", "area": null}}, {"model": "movies.country", "pk": 83, "fields": {"english_name": "Gambia", "korean_name": "감비아", "iso_3166_1": "GM", "area": null}}, {"model": "movies.country", "pk": 84, "fields": {"english_name": "Guinea", "korean_name": "기니", "iso_3166_1": "GN", "area": null}}, {"model": "movies.country", "pk": 85, "fields": {"english_name": "Guadaloupe", "korean_name": "과들루프", "iso_3166_1": "GP", "area": null}}, {"model": "movies.country", "pk": 86, "fields": {"english_name": "Equatorial Guinea", "korean_name": "적도 기니", "iso_3166_1": "GQ", "area": null}}, {"model": "movies.country", "pk": 87, "fields": {"english_name": "Greece", "korean_name": "그리스", "iso_3166_1": "GR", "area": 3}}, {"model": "movies.country", "pk": 88, "fields": {"english_name": "South Georgia and the South Sandwich Islands", "korean_name": "사우스조지아 사우스샌드위치 제도", "iso_3166_1": "GS", "area": null}}, {"model": "movies.country", "pk": 89, "fields": {"english_name": "Guatemala", "korean_name": "과테말라", "iso_3166_1": "GT", "area": null}}, {"model": "movies.country", "pk": 90, "fields": {"english_name": "Guam", "korean_name": "괌", "iso_3166_1": "GU", "area": null}}, {"model": "movies.country", "pk": 91, "fields": {"english_name": "Guinea-Bissau", "korean_name": "기네비쏘", "iso_3166_1": "GW", "area": null}}, {"model": "movies.country", "pk": 92, "fields": {"english_name": "Guyana", "korean_name": "가이아나", "iso_3166_1": "GY", "area": null}}, {"model": "movies.country", "pk": 93, "fields": {"english_name": "Hong Kong", "korean_name": "홍콩, 중국 특별행정구", "iso_3166_1": "HK", "area": 1}}, {"model": "movies.country", "pk": 94, "fields": {"english_name": "Heard and McDonald Islands", "korean_name": "허드섬-맥도널드제도", "iso_3166_1": "HM", "area": null}}, {"model": "movies.country", "pk": 95, "fields": {"english_name": "Honduras", "korean_name": "온두라스", "iso_3166_1": "HN", "area": null}}, {"model": "movies.country", "pk": 96, "fields": {"english_name": "Croatia", "korean_name": "크로아티아", "iso_3166_1": "HR", "area": null}}, {"model": "movies.country", "pk": 97, "fields": {"english_name": "Haiti", "korean_name": "아이티", "iso_3166_1": "HT", "area": null}}, {"model": "movies.country", "pk": 98, "fields": {"english_name": "Hungary", "korean_name": "헝가리", "iso_3166_1": "HU", "area": null}}, {"model": "movies.country", "pk": 99, "fields": {"english_name": "Indonesia", "korean_name": "인도네시아", "iso_3166_1": "ID", "area": null}}, {"model": "movies.country", "pk": 100, "fields": {"english_name": "Ireland", "korean_name": "아일랜드", "iso_3166_1": "IE", "area": null}}, {"model": "movies.country", "pk": 101, "fields": {"english_name": "Israel", "korean_name": "이스라엘", "iso_3166_1": "IL", "area": null}}, {"model": "movies.country", "pk": 102, "fields": {"english_name": "India", "korean_name": "인도", "iso_3166_1": "IN", "area": 1}}, {"model": "movies.country", "pk": 103, "fields": {"english_name": "British Indian Ocean Territory", "korean_name": "영국령인도양식민지", "iso_3166_1": "IO", "area": null}}, {"model": "movies.country", "pk": 104, "fields": {"english_name": "Iraq", "korean_name": "이라크", "iso_3166_1": "IQ", "area": null}}, {"model": "movies.country", "pk": 105, "fields": {"english_name": "Iran", "korean_name": "이란", "iso_3166_1": "IR", "area": null}}, {"model": "movies.country", "pk": 106, "fields": {"english_name": "Iceland", "korean_name": "아이슬란드", "iso_3166_1": "IS", "area": null}}, {"model": "movies.country", "pk": 107, "fields": {"english_name": "Italy", "korean_name": "이탈리아", "iso_3166_1": "IT", "area": 2}}, {"model": "movies.country", "pk": 108, "fields": {"english_name": "Jamaica", "korean_name": "자메이카", "iso_3166_1": "JM", "area": null}}, {"model": "movies.country", "pk": 109, "fields": {"english_name": "Jordan", "korean_name": "요르단", "iso_3166_1": "JO", "area": null}}, {"model": "movies.country", "pk": 110, "fields": {"english_name": "Japan", "korean_name": "일본", "iso_3166_1": "JP", "area": 1}}, {"model": "movies.country", "pk": 111, "fields": {"english_name": "Kenya", "korean_name": "케냐", "iso_3166_1": "KE", "area": null}}, {"model": "movies.country", "pk": 112, "fields": {"english_name": "Kyrgyz Republic", "korean_name": "키르기스스탄", "iso_3166_1": "KG", "area": null}}, {"model": "movies.country", "pk": 113, "fields": {"english_name": "Cambodia", "korean_name": "캄보디아", "iso_3166_1": "KH", "area": null}}, {"model": "movies.country", "pk": 114, "fields": {"english_name": "Kiribati", "korean_name": "키리바시", "iso_3166_1": "KI", "area": null}}, {"model": "movies.country", "pk": 115, "fields": {"english_name": "Comoros", "korean_name": "코모로스", "iso_3166_1": "KM", "area": null}}, {"model": "movies.country", "pk": 116, "fields": {"english_name": "St. Kitts and Nevis", "korean_name": "세인트 키츠 네비스", "iso_3166_1": "KN", "area": null}}, {"model": "movies.country", "pk": 117, "fields": {"english_name": "North Korea", "korean_name": "조선 민주주의 인민 공화국", "iso_3166_1": "KP", "area": null}}, {"model": "movies.country", "pk": 118, "fields": {"english_name": "South Korea", "korean_name": "대한민국", "iso_3166_1": "KR", "area": null}}, {"model": "movies.country", "pk": 119, "fields": {"english_name": "Kuwait", "korean_name": "쿠웨이트", "iso_3166_1": "KW", "area": null}}, {"model": "movies.country", "pk": 120, "fields": {"english_name": "Cayman Islands", "korean_name": "케이맨제도", "iso_3166_1": "KY", "area": null}}, {"model": "movies.country", "pk": 121, "fields": {"english_name": "Kazakhstan", "korean_name": "카자흐스탄", "iso_3166_1": "KZ", "area": null}}, {"model": "movies.country", "pk": 122, "fields": {"english_name": "Lao People's Democratic Republic", "korean_name": "라오스", "iso_3166_1": "LA", "area": null}}, {"model": "movies.country", "pk": 123, "fields": {"english_name": "Lebanon", "korean_name": "레바논", "iso_3166_1": "LB", "area": null}}, {"model": "movies.country", "pk": 124, "fields": {"english_name": "St. Lucia", "korean_name": "세인트루시아", "iso_3166_1": "LC", "area": null}}, {"model": "movies.country", "pk": 125, "fields": {"english_name": "Liechtenstein", "korean_name": "리히텐슈타인", "iso_3166_1": "LI", "area": null}}, {"model": "movies.country", "pk": 126, "fields": {"english_name": "Sri Lanka", "korean_name": "스리랑카", "iso_3166_1": "LK", "area": null}}, {"model": "movies.country", "pk": 127, "fields": {"english_name": "Liberia", "korean_name": "라이베리아", "iso_3166_1": "LR", "area": null}}, {"model": "movies.country", "pk": 128, "fields": {"english_name": "Lesotho", "korean_name": "레소토", "iso_3166_1": "LS", "area": null}}, {"model": "movies.country", "pk": 129, "fields": {"english_name": "Lithuania", "korean_name": "리투아니아", "iso_3166_1": "LT", "area": null}}, {"model": "movies.country", "pk": 130, "fields": {"english_name": "Luxembourg", "korean_name": "룩셈부르크", "iso_3166_1": "LU", "area": null}}, {"model": "movies.country", "pk": 131, "fields": {"english_name": "Latvia", "korean_name": "라트비아", "iso_3166_1": "LV", "area": null}}, {"model": "movies.country", "pk": 132, "fields": {"english_name": "Libyan Arab Jamahiriya", "korean_name": "리비아", "iso_3166_1": "LY", "area": null}}, {"model": "movies.country", "pk": 133, "fields": {"english_name": "Morocco", "korean_name": "모로코", "iso_3166_1": "MA", "area": null}}, {"model": "movies.country", "pk": 134, "fields": {"english_name": "Monaco", "korean_name": "모나코", "iso_3166_1": "MC", "area": null}}, {"model": "movies.country", "pk": 135, "fields": {"english_name": "Moldova", "korean_name": "몰도바", "iso_3166_1": "MD", "area": null}}, {"model": "movies.country", "pk": 136, "fields": {"english_name": "Montenegro", "korean_name": "몬테네그로", "iso_3166_1": "ME", "area": null}}, {"model": "movies.country", "pk": 137, "fields": {"english_name": "Madagascar", "korean_name": "마다가스카르", "iso_3166_1": "MG", "area": null}}, {"model": "movies.country", "pk": 138, "fields": {"english_name": "Marshall Islands", "korean_name": "마샬 군도", "iso_3166_1": "MH", "area": null}}, {"model": "movies.country", "pk": 139, "fields": {"english_name": "Macedonia", "korean_name": "마케도니아", "iso_3166_1": "MK", "area": null}}, {"model": "movies.country", "pk": 140, "fields": {"english_name": "Mali", "korean_name": "말리", "iso_3166_1": "ML", "area": null}}, {"model": "movies.country", "pk": 141, "fields": {"english_name": "Myanmar", "korean_name": "미얀마", "iso_3166_1": "MM", "area": null}}, {"model": "movies.country", "pk": 142, "fields": {"english_name": "Mongolia", "korean_name": "몽골", "iso_3166_1": "MN", "area": null}}, {"model": "movies.country", "pk": 143, "fields": {"english_name": "Macao", "korean_name": "마카오, 중국 특별행정구", "iso_3166_1": "MO", "area": null}}, {"model": "movies.country", "pk": 144, "fields": {"english_name": "Northern Mariana Islands", "korean_name": "북마리아나제도", "iso_3166_1": "MP", "area": null}}, {"model": "movies.country", "pk": 145, "fields": {"english_name": "Martinique", "korean_name": "말티니크", "iso_3166_1": "MQ", "area": null}}, {"model": "movies.country", "pk": 146, "fields": {"english_name": "Mauritania", "korean_name": "모리타니", "iso_3166_1": "MR", "area": null}}, {"model": "movies.country", "pk": 147, "fields": {"english_name": "Montserrat", "korean_name": "몬트세라트", "iso_3166_1": "MS", "area": null}}, {"model": "movies.country", "pk": 148, "fields": {"english_name": "Malta", "korean_name": "몰타", "iso_3166_1": "MT", "area": null}}, {"model": "movies.country", "pk": 149, "fields": {"english_name": "Mauritius", "korean_name": "모리셔스", "iso_3166_1": "MU", "area": null}}, {"model": "movies.country", "pk": 150, "fields": {"english_name": "Maldives", "korean_name": "몰디브", "iso_3166_1": "MV", "area": null}}, {"model": "movies.country", "pk": 151, "fields": {"english_name": "Malawi", "korean_name": "말라위", "iso_3166_1": "MW", "area": null}}, {"model": "movies.country", "pk": 152, "fields": {"english_name": "Mexico", "korean_name": "멕시코", "iso_3166_1": "MX", "area": 4}}, {"model": "movies.country", "pk": 153, "fields": {"english_name": "Malaysia", "korean_name": "말레이시아", "iso_3166_1": "MY", "area": null}}, {"model": "movies.country", "pk": 154, "fields": {"english_name": "Mozambique", "korean_name": "모잠비크", "iso_3166_1": "MZ", "area": null}}, {"model": "movies.country", "pk": 155, "fields": {"english_name": "Namibia", "korean_name": "나미비아", "iso_3166_1": "NA", "area": null}}, {"model": "movies.country", "pk": 156, "fields": {"english_name": "New Caledonia", "korean_name": "뉴 칼레도니아", "iso_3166_1": "NC", "area": null}}, {"model": "movies.country", "pk": 157, "fields": {"english_name": "Niger", "korean_name": "니제르", "iso_3166_1": "NE", "area": null}}, {"model": "movies.country", "pk": 158, "fields": {"english_name": "Norfolk Island", "korean_name": "노퍽섬", "iso_3166_1": "NF", "area": null}}, {"model": "movies.country", "pk": 159, "fields": {"english_name": "Nigeria", "korean_name": "나이지리아", "iso_3166_1": "NG", "area": null}}, {"model": "movies.country", "pk": 160, "fields": {"english_name": "Nicaragua", "korean_name": "니카라과", "iso_3166_1": "NI", "area": null}}, {"model": "movies.country", "pk": 161, "fields": {"english_name": "Netherlands", "korean_name": "네덜란드", "iso_3166_1": "NL", "area": 2}}, {"model": "movies.country", "pk": 162, "fields": {"english_name": "Norway", "korean_name": "노르웨이", "iso_3166_1": "NO", "area": null}}, {"model": "movies.country", "pk": 163, "fields": {"english_name": "Nepal", "korean_name": "네팔", "iso_3166_1": "NP", "area": null}}, {"model": "movies.country", "pk": 164, "fields": {"english_name": "Nauru", "korean_name": "나우루", "iso_3166_1": "NR", "area": null}}, {"model": "movies.country", "pk": 165, "fields": {"english_name": "Niue", "korean_name": "니우에", "iso_3166_1": "NU", "area": null}}, {"model": "movies.country", "pk": 166, "fields": {"english_name": "New Zealand", "korean_name": "뉴질랜드", "iso_3166_1": "NZ", "area": null}}, {"model": "movies.country", "pk": 167, "fields": {"english_name": "Oman", "korean_name": "오만", "iso_3166_1": "OM", "area": null}}, {"model": "movies.country", "pk": 168, "fields": {"english_name": "Panama", "korean_name": "파나마", "iso_3166_1": "PA", "area": null}}, {"model": "movies.country", "pk": 169, "fields": {"english_name": "Peru", "korean_name": "페루", "iso_3166_1": "PE", "area": null}}, {"model": "movies.country", "pk": 170, "fields": {"english_name": "French Polynesia", "korean_name": "프랑스령 폴리네시아", "iso_3166_1": "PF", "area": null}}, {"model": "movies.country", "pk": 171, "fields": {"english_name": "Papua New Guinea", "korean_name": "파푸아뉴기니", "iso_3166_1": "PG", "area": null}}, {"model": "movies.country", "pk": 172, "fields": {"english_name": "Philippines", "korean_name": "필리핀", "iso_3166_1": "PH", "area": null}}, {"model": "movies.country", "pk": 173, "fields": {"english_name": "Pakistan", "korean_name": "파키스탄", "iso_3166_1": "PK", "area": null}}, {"model": "movies.country", "pk": 174, "fields": {"english_name": "Poland", "korean_name": "폴란드", "iso_3166_1": "PL", "area": null}}, {"model": "movies.country", "pk": 175, "fields": {"english_name": "St. Pierre and Miquelon", "korean_name": "생피에르 미클롱", "iso_3166_1": "PM", "area": null}}, {"model": "movies.country", "pk": 176, "fields": {"english_name": "Pitcairn Island", "korean_name": "핏케언 섬", "iso_3166_1": "PN", "area": null}}, {"model": "movies.country", "pk": 177, "fields": {"english_name": "Puerto Rico", "korean_name": "푸에르토리코", "iso_3166_1": "PR", "area": null}}, {"model": "movies.country", "pk": 178, "fields": {"english_name": "Palestinian Territory", "korean_name": "팔레스타인 지구", "iso_3166_1": "PS", "area": null}}, {"model": "movies.country", "pk": 179, "fields": {"english_name": "Portugal", "korean_name": "포르투갈", "iso_3166_1": "PT", "area": null}}, {"model": "movies.country", "pk": 180, "fields": {"english_name": "Palau", "korean_name": "팔라우", "iso_3166_1": "PW", "area": null}}, {"model": "movies.country", "pk": 181, "fields": {"english_name": "Paraguay", "korean_name": "파라과이", "iso_3166_1": "PY", "area": null}}, {"model": "movies.country", "pk": 182, "fields": {"english_name": "Qatar", "korean_name": "카타르", "iso_3166_1": "QA", "area": null}}, {"model": "movies.country", "pk": 183, "fields": {"english_name": "Reunion", "korean_name": "리유니온", "iso_3166_1": "RE", "area": null}}, {"model": "movies.country", "pk": 184, "fields": {"english_name": "Romania", "korean_name": "루마니아", "iso_3166_1": "RO", "area": null}}, {"model": "movies.country", "pk": 185, "fields": {"english_name": "Serbia", "korean_name": "세르비아", "iso_3166_1": "RS", "area": null}}, {"model": "movies.country", "pk": 186, "fields": {"english_name": "Russia", "korean_name": "러시아", "iso_3166_1": "RU", "area": 3}}, {"model": "movies.country", "pk": 187, "fields": {"english_name": "Rwanda", "korean_name": "르완다", "iso_3166_1": "RW", "area": null}}, {"model": "movies.country", "pk": 188, "fields": {"english_name": "Saudi Arabia", "korean_name": "사우디아라비아", "iso_3166_1": "SA", "area": 3}}, {"model": "movies.country", "pk": 189, "fields": {"english_name": "Solomon Islands", "korean_name": "솔로몬 제도", "iso_3166_1": "SB", "area": null}}, {"model": "movies.country", "pk": 190, "fields": {"english_name": "Seychelles", "korean_name": "쉐이쉘", "iso_3166_1": "SC", "area": null}}, {"model": "movies.country", "pk": 191, "fields": {"english_name": "Sudan", "korean_name": "수단", "iso_3166_1": "SD", "area": null}}, {"model": "movies.country", "pk": 192, "fields": {"english_name": "Sweden", "korean_name": "스웨덴", "iso_3166_1": "SE", "area": null}}, {"model": "movies.country", "pk": 193, "fields": {"english_name": "Singapore", "korean_name": "싱가포르", "iso_3166_1": "SG", "area": null}}, {"model": "movies.country", "pk": 194, "fields": {"english_name": "St. Helena", "korean_name": "세인트헬레나", "iso_3166_1": "SH", "area": null}}, {"model": "movies.country", "pk": 195, "fields": {"english_name": "Slovenia", "korean_name": "슬로베니아", "iso_3166_1": "SI", "area": null}}, {"model": "movies.country", "pk": 196, "fields": {"english_name": "Svalbard & Jan Mayen Islands", "korean_name": "스발바르제도-얀마웬섬", "iso_3166_1": "SJ", "area": null}}, {"model": "movies.country", "pk": 197, "fields": {"english_name": "Slovakia", "korean_name": "슬로바키아", "iso_3166_1": "SK", "area": null}}, {"model": "movies.country", "pk": 198, "fields": {"english_name": "Sierra Leone", "korean_name": "시에라리온", "iso_3166_1": "SL", "area": null}}, {"model": "movies.country", "pk": 199, "fields": {"english_name": "San Marino", "korean_name": "산마리노", "iso_3166_1": "SM", "area": null}}, {"model": "movies.country", "pk": 200, "fields": {"english_name": "Senegal", "korean_name": "세네갈", "iso_3166_1": "SN", "area": null}}, {"model": "movies.country", "pk": 201, "fields": {"english_name": "Somalia", "korean_name": "소말리아", "iso_3166_1": "SO", "area": null}}, {"model": "movies.country", "pk": 202, "fields": {"english_name": "Suriname", "korean_name": "수리남", "iso_3166_1": "SR", "area": null}}, {"model": "movies.country", "pk": 203, "fields": {"english_name": "South Sudan", "korean_name": "남수단", "iso_3166_1": "SS", "area": null}}, {"model": "movies.country", "pk": 204, "fields": {"english_name": "Sao Tome and Principe", "korean_name": "상투메 프린시페", "iso_3166_1": "ST", "area": null}}, {"model": "movies.country", "pk": 205, "fields": {"english_name": "Soviet Union", "korean_name": "Soviet Union", "iso_3166_1": "SU", "area": null}}, {"model": "movies.country", "pk": 206, "fields": {"english_name": "El Salvador", "korean_name": "엘살바도르", "iso_3166_1": "SV", "area": null}}, {"model": "movies.country", "pk": 207, "fields": {"english_name": "Syrian Arab Republic", "korean_name": "시리아", "iso_3166_1": "SY", "area": null}}, {"model": "movies.country", "pk": 208, "fields": {"english_name": "Swaziland", "korean_name": "스와질랜드", "iso_3166_1": "SZ", "area": null}}, {"model": "movies.country", "pk": 209, "fields": {"english_name": "Turks and Caicos Islands", "korean_name": "터크스케이커스제도", "iso_3166_1": "TC", "area": null}}, {"model": "movies.country", "pk": 210, "fields": {"english_name": "Chad", "korean_name": "차드", "iso_3166_1": "TD", "area": null}}, {"model": "movies.country", "pk": 211, "fields": {"english_name": "French Southern Territories", "korean_name": "프랑스 남부 지방", "iso_3166_1": "TF", "area": null}}, {"model": "movies.country", "pk": 212, "fields": {"english_name": "Togo", "korean_name": "토고", "iso_3166_1": "TG", "area": null}}, {"model": "movies.country", "pk": 213, "fields": {"english_name": "Thailand", "korean_name": "태국", "iso_3166_1": "TH", "area": 1}}, {"model": "movies.country", "pk": 214, "fields": {"english_name": "Tajikistan", "korean_name": "타지키스탄", "iso_3166_1": "TJ", "area": null}}, {"model": "movies.country", "pk": 215, "fields": {"english_name": "Tokelau", "korean_name": "토켈라우", "iso_3166_1": "TK", "area": null}}, {"model": "movies.country", "pk": 216, "fields": {"english_name": "Timor-Leste", "korean_name": "동티모르", "iso_3166_1": "TL", "area": null}}, {"model": "movies.country", "pk": 217, "fields": {"english_name": "Turkmenistan", "korean_name": "투르크메니스탄", "iso_3166_1": "TM", "area": null}}, {"model": "movies.country", "pk": 218, "fields": {"english_name": "Tunisia", "korean_name": "튀니지", "iso_3166_1": "TN", "area": null}}, {"model": "movies.country", "pk": 219, "fields": {"english_name": "Tonga", "korean_name": "통가", "iso_3166_1": "TO", "area": null}}, {"model": "movies.country", "pk": 220, "fields": {"english_name": "East Timor", "korean_name": "East Timor", "iso_3166_1": "TP", "area": null}}, {"model": "movies.country", "pk": 221, "fields": {"english_name": "Turkey", "korean_name": "터키", "iso_3166_1": "TR", "area": 3}}, {"model": "movies.country", "pk": 222, "fields": {"english_name": "Trinidad and Tobago", "korean_name": "트리니다드 토바고", "iso_3166_1": "TT", "area": null}}, {"model": "movies.country", "pk": 223, "fields": {"english_name": "Tuvalu", "korean_name": "투발루", "iso_3166_1": "TV", "area": null}}, {"model": "movies.country", "pk": 224, "fields": {"english_name": "Taiwan", "korean_name": "대만", "iso_3166_1": "TW", "area": null}}, {"model": "movies.country", "pk": 225, "fields": {"english_name": "Tanzania", "korean_name": "탄자니아", "iso_3166_1": "TZ", "area": null}}, {"model": "movies.country", "pk": 226, "fields": {"english_name": "Ukraine", "korean_name": "우크라이나", "iso_3166_1": "UA", "area": null}}, {"model": "movies.country", "pk": 227, "fields": {"english_name": "Uganda", "korean_name": "우간다", "iso_3166_1": "UG", "area": null}}, {"model": "movies.country", "pk": 228, "fields": {"english_name": "United States Minor Outlying Islands", "korean_name": "미국령 해외 제도", "iso_3166_1": "UM", "area": null}}, {"model": "movies.country", "pk": 229, "fields": {"english_name": "United States of America", "korean_name": "미국", "iso_3166_1": "US", "area": 4}}, {"model": "movies.country", "pk": 230, "fields": {"english_name": "Uruguay", "korean_name": "우루과이", "iso_3166_1": "UY", "area": null}}, {"model": "movies.country", "pk": 231, "fields": {"english_name": "Uzbekistan", "korean_name": "우즈베키스탄", "iso_3166_1": "UZ", "area": null}}, {"model": "movies.country", "pk": 232, "fields": {"english_name": "Holy See", "korean_name": "바티칸", "iso_3166_1": "VA", "area": null}}, {"model": "movies.country", "pk": 233, "fields": {"english_name": "St. Vincent and the Grenadines", "korean_name": "세인트빈센트그레나딘", "iso_3166_1": "VC", "area": null}}, {"model": "movies.country", "pk": 234, "fields": {"english_name": "Venezuela", "korean_name": "베네수엘라", "iso_3166_1": "VE", "area": null}}, {"model": "movies.country", "pk": 235, "fields": {"english_name": "British Virgin Islands", "korean_name": "영국령 버진 아일랜드", "iso_3166_1": "VG", "area": null}}, {"model": "movies.country", "pk": 236, "fields": {"english_name": "US Virgin Islands", "korean_name": "미국령 버진 아일랜드", "iso_3166_1": "VI", "area": null}}, {"model": "movies.country", "pk": 237, "fields": {"english_name": "Vietnam", "korean_name": "베트남", "iso_3166_1": "VN", "area": null}}, {"model": "movies.country", "pk": 238, "fields": {"english_name": "Vanuatu", "korean_name": "바누아투", "iso_3166_1": "VU", "area": null}}, {"model": "movies.country", "pk": 239, "fields": {"english_name": "Wallis and Futuna Islands", "korean_name": "왈리스-푸투나 제도", "iso_3166_1": "WF", "area": null}}, {"model": "movies.country", "pk": 240, "fields": {"english_name": "Samoa", "korean_name": "사모아", "iso_3166_1": "WS", "area": null}}, {"model": "movies.country", "pk": 241, "fields": {"english_name": "Czechoslovakia", "korean_name": "Czechoslovakia", "iso_3166_1": "XC", "area": null}}, {"model": "movies.country", "pk": 242, "fields": {"english_name": "East Germany", "korean_name": "East Germany", "iso_3166_1": "XG", "area": null}}, {"model": "movies.country", "pk": 243, "fields": {"english_name": "Northern Ireland", "korean_name": "Northern Ireland", "iso_3166_1": "XI", "area": null}}, {"model": "movies.country", "pk": 244, "fields": {"english_name": "Kosovo", "korean_name": "코소보", "iso_3166_1": "XK", "area": null}}, {"model": "movies.country", "pk": 245, "fields": {"english_name": "Yemen", "korean_name": "예멘", "iso_3166_1": "YE", "area": null}}, {"model": "movies.country", "pk": 246, "fields": {"english_name": "Mayotte", "korean_name": "마요티", "iso_3166_1": "YT", "area": null}}, {"model": "movies.country", "pk": 247, "fields": {"english_name": "Yugoslavia", "korean_name": "Yugoslavia", "iso_3166_1": "YU", "area": null}}, {"model": "movies.country", "pk": 248, "fields": {"english_name": "South Africa", "korean_name": "남아프리카", "iso_3166_1": "ZA", "area": null}}, {"model": "movies.country", "pk": 249, "fields": {"english_name": "Zambia", "korean_name": "잠비아", "iso_3166_1": "ZM", "area": null}}, {"model": "movies.country", "pk": 250, "fields": {"english_name": "Zaire", "korean_name": "Zaire", "iso_3166_1": "ZR", "area": null}}, {"model": "movies.country", "pk": 251, "fields": {"english_name": "Zimbabwe", "korean_name": "짐바브웨", "iso_3166_1": "ZW", "area": null}}, {"model": "movies.movie", "pk": 140, "fields": {"title": "나쁜 교육", "release_date": "2004-03-19", "popularity": 20.471, "vote_count": 874, "vote_average": 7.4, "overview": "28살의 감독 ‘엔리케’ 앞에 어느 날 어린 시절 신학교 친구였던 ‘이나시오’가 배우가 되어 나타난다. 재회한 기쁨도 잠시, 이제부터 자신을 앙겔(천사)이라고 불러 달라는 이나시오가 낯설게만 느껴지는 엔리케. 이나시오는 자신들의 어린 시절과 당시 그들에게 ‘나쁜 교육’을 행한 마놀로 신부를 향한 증오와 복수, 음모와 살인에 관해 쓴 ‘방문객’이란 시나리오를 엔리케에게 건네는데…", "poster_path": "/gUsYU7sw32Vs3wSxlJZWUesj1FK.jpg", "countries": [67], "genres": [18], "like_users": []}}, {"model": "movies.movie", "pk": 1364, "fields": {"title": "루시아", "release_date": "2001-08-24", "popularity": 30.494, "vote_count": 494, "vote_average": 6.7, "overview": "마드리드 도심의 레스토랑 웨이트리스 루시아. 어느 날 6년 동안 동거했던 남자친구 로렌조가 갑자기 떠나버린다. 사랑을 잃은 상실감과 고통에 괴로워하던 루시아는 지중해의 한 외딴 섬으로 여행을 떠난다. 그곳의 신선한 공기와 눈부신 햇살, 빛나는 깊고 푸른 물에 둘러싸여 마음의 위안을 얻게 된 루시아는 로렌조와의 지난 시간을 되돌아본다.  소설가인 로렌조는 6년 전 여름 휴가지에서 만난 낯선 여자와 생애 최고의 섹스를 경험한다. 하지만 서로의 이름도 모른 채 헤어진 두 사람. 그 후 루시아와 사랑에 빠지고 행복한 나날을 보내던 로렌조에게 6년 전의 섹스가 남긴 놀라운 비밀이 밝혀진다. 하지만 위험한 열정은 돌이킬 수 없는 비극을 가져오고, 모든 이들에게 지울 수 없는 상처를 남기는데......", "poster_path": "/k2cSUupLrRKCDSUocPpclspvkSd.jpg", "countries": [67], "genres": [18, 10749], "like_users": []}}, {"model": "movies.movie", "pk": 1653, "fields": {"title": "모터사이클 다이어리", "release_date": "2004-02-06", "popularity": 19.885, "vote_count": 1176, "vote_average": 7.4, "overview": "23살의 의대생 에르네스토 게바라(퓨세)는 생화학자 친구 알베르토 그라나도와 함께 남미대륙 횡단을 계획한다. 안데스산맥을 가로질러 사막을 건넌 후 아마존을 거쳐 베네수엘라까지 가는 것이 이들의 목표. 여행을 통해 만난 세상은 지금까지 알던 현실과 너무 다르고, 퓨세와 알베르토는 세상의 불합리함에 분노한다. 청년 퓨세의 인생을 뒤흔든 생생한 기록 모터사이클 다이어리. 그는 이 여행을 통해 훗날 현명하고 인간적인 지도자로 추앙 받은 세기의 우상, 체 게바라로 거듭난다.", "poster_path": "/cZuirpzGQgXkeDJVUaurYNjSC0n.jpg", "countries": [67], "genres": [18], "like_users": []}}, {"model": "movies.movie", "pk": 5781, "fields": {"title": "욕망의 모호한 대상", "release_date": "1977-08-17", "popularity": 18.841, "vote_count": 339, "vote_average": 7.4, "overview": "세련된 중년 사업가, 마티유는 7년 전 부인과 사별한 후, '사랑하지 않은 여자와는 절대 섹스를 하지 않는다'는 철학을 가진 남자다. 마티유는, 하녀 콘치타에게 홀딱 반해, 하루가 멀다하고 그녀의 아파트를 드나들며 돈으로 환심을 사려한다. 정작 자신을 데리고 노는 건 콘치타인지도 모른 채. 아슬아슬하고도 감질나게 남자를 농락하던 콘치타는 어느 날 갑자기, 환멸의 편지 한 통과 함께 사라진다. 그후 5개월, 프랑스 파리의 근교 호화별장. 마티유가 우연히 들른 술집에서 재회하게 되는 두 사람. 그날부터 둘의 은밀한 동거는 시작되는데. 콘치타는 기상천외한 팬티를 입고 첫날밤을 치르는가 하면 \"나의 모든 것을 주면 당신은 날 사랑하지 않을 것...\"이라는 달콤한 변명으로 그와의 잠자리를 거부한다. 그러던 어느 날 마티유는 자신의 집에서 젊은 애인과 놀아나던 콘치타를 발견하고 내쫓는다. 7개월 후, 스페인 세비아의 한 작은 마을. 점점 시들어가던 마티유는 참다못해 콘치타를 찾아간다. 하지만 뜻밖의 사건이 벌어지고. 실오라기 하나도 걸치지 않고 스트립쇼를 하고 있는 콘치타의 충격적인 모습. 그녀의 팬티는 난공불락이 아니었던가? 마티유는 콘치타에게 집을 한 채 사주고 일을 그만 두게 한다. 밤마다 펼쳐질 그녀와의 멋진 밀애를 상상하며. 마침내 그녀의 비밀스런 초대가 있던 날. 콘치타는 철문밖에 마티유를 세워놓고 다른 남자와 정사를 벌인다. 다음날, \"당신을 시험해보기 위한 연극이었노라\"라 애원하는 콘치타. 하지만 마티유는 파리행 짐을 싼다. 다시 스페인 세비야 기차역. 마티유는 오늘 기차표를 끊은 것이며, 그를 붙잡으려 쫓아온 콘치타는 물을 뒤집어 쓴 것. 그러나 마티유의 이 이야기가 거의 끝날 무렵.", "poster_path": "/k098PiL04JfOe4RCTrrmiaEjpBD.jpg", "countries": [67], "genres": [18, 35, 10749], "like_users": []}}, {"model": "movies.movie", "pk": 10772, "fields": {"title": "장고", "release_date": "1966-04-06", "popularity": 23.846, "vote_count": 819, "vote_average": 7.2, "overview": "멕시코 국경지대. 각각 미국인인 웬체스터 잭과 멕시코인인 H.로드리게스를 우두머리로 한 두 라이벌 갱단은 장고라는 총잡이의 출현에 놀란다. 그는 노마라는 여인을 데리고 막 그곳에 도착했는데 사랑하는 아내의 죽음에 복수를 하기 위해 윈체스터 패거리들을 거의 일망타진한다. 그리고 나선 로드리게스 일당과 총과 금을 두고 결전을 펼친다.", "poster_path": "/pYsDq0fTMC1XuEg63NOXfxzHBJY.jpg", "countries": [67], "genres": [28, 37], "like_users": []}}, {"model": "movies.movie", "pk": 11842, "fields": {"title": "레드 선", "release_date": "1971-09-15", "popularity": 18.64, "vote_count": 217, "vote_average": 6.9, "overview": "1871년 일본 천왕은 미국 대통령에게 대단히 귀중한 무사도를 선사하기로 했다. 무사도는 일본 대사와 두 명의 사무라이의 엄중한 보호하에 워싱톤으로 가는 열차편으로 운송된다.  그러나 열차는 링크(Link: 찰스 브론슨 분)와 거취(Gotch: 알랑 드롱 분)가 이끄는 노상 강도들에게 습격을 받게 되는데…", "poster_path": "/mYHnc56590ECPUr7qBSLJwx0en9.jpg", "countries": [67], "genres": [37], "like_users": []}}, {"model": "movies.movie", "pk": 19173, "fields": {"title": "S 중독자의 고백", "release_date": "2008-10-17", "popularity": 30.49, "vote_count": 281, "vote_average": 5.5, "overview": "사랑... 무엇일까 ? 그녀의 이름 발레리. 아름다운 그녀에게 아직 사랑이라는 것은 서툴고 잡기 힘든 존재이다. 사랑한다고 느꼈지만 만족할 수 없었던 첫 경험, 그리고 다시 찾아간 그의 방에서 찾아낸 특별한 시간. 사랑 보다 몸으로 먼저 느껴지는 감정에 충실해진 발레리는 자신에게 솔직하게 상대를 만나지만 그들은 사랑 없는 섹스에 질려 그녀를 떠나가고 만다. 그리고 우연히 면접에서 그녀에게 찾아 온 사랑. 남들처럼 장미 꽃과 와인, 고백과 근..", "poster_path": "/v6tERTerbKk6ACDtL7zxI1yZBk8.jpg", "countries": [67], "genres": [18, 10749], "like_users": []}}, {"model": "movies.movie", "pk": 48650, "fields": {"title": "룸 인 로마", "release_date": "2010-05-07", "popularity": 88.543, "vote_count": 631, "vote_average": 6.4, "overview": "로마의 6월 여름 첫날밤,  술집에서 러시아 여인 나타샤와 스페인 여인 알바가 우연히 만나 서로에게 호감을 갖는다. 그녀들은 이후, 로마의 한 호텔에서 하룻밤을 보내며, 자신이 레즈비언이라는 알바는 이성애자인 나타샤에게 서서히 접근을 하고,  차츰 각자 진실된 자신의 이야기를 시작하게 되는데..", "poster_path": "/4kF4qRXFd7MqX2bAJX3e3zQSxhV.jpg", "countries": [67], "genres": [18, 10749], "like_users": []}}, {"model": "movies.movie", "pk": 53932, "fields": {"title": "룰루", "release_date": "1990-12-03", "popularity": 30.112, "vote_count": 227, "vote_average": 6.3, "overview": "룰루는 어릴 때부터 파블로에게 매력을 느낀다. 열 다섯이 되어 룰루는 파블로에 의해 사랑과 성적 즐거움을 깨닫는다. 결혼 후 파블로는 룰루와의 유희에 친구를 끌어들인다. 눈을 가린 채 유희를 즐기던 룰루는 사실을 알고 충격을 받게 되고 결국은 딸을 데리고 파블로 곁을 떠난다. 그 후 파블로에게 완전히 의존해 왔던 룰루의 삶은 갑자기 무너지기 시작한다. 파블로에 대한 그리움과 혼자 딸을 키우는 고된 생활에 지친 그녀의 절망은 강렬한 성적 욕망으로 나타나고 룰루는 또다른 세계로의 성적 탐험을 시작한다.", "poster_path": "/jqSUE8qvVyLL8H9KEWTVWo8onur.jpg", "countries": [67], "genres": [18], "like_users": []}}, {"model": "movies.movie", "pk": 61979, "fields": {"title": "쓰리 미터스 어보브 헤븐", "release_date": "2010-12-03", "popularity": 77.202, "vote_count": 2818, "vote_average": 7.8, "overview": "등록된 줄거리가 없습니다.", "poster_path": "/nNoMfNPnvEzGADXDkP6eJAP81KB.jpg", "countries": [67], "genres": [18, 10749], "like_users": []}}, {"model": "movies.movie", "pk": 109689, "fields": {"title": "아이 원트 유", "release_date": "2012-06-22", "popularity": 58.492, "vote_count": 1752, "vote_average": 7.4, "overview": "가장 친했던 친구의 죽음, 첫사랑과의 헤어짐으로 충격을 받은 에이치는 고향을 떠나 런던으로 향한다. 그리고 2년 후, 다시 새로운 인생을 시작하기 위해 마드리드로 돌아온다. 하지만 첫사랑 바비를 잊지 못하고 항상 바비와의 기억을 안고 사는 에이치는 바비를 떨쳐내지 못해 그 주위를 맴돈다.  친구들을 다시 만나고, 새로 사귀고 일자리를 잡고 스페인에서의 생활에 적응해가며 그는 점차적으로 자신의 자아를 찾아간다. 그러던 중 우연히 진이라는 여자와 만나게 되고 둘은 가까워 진다. 바비를 잊는 게 힘들었던 에이치는 진과의 만남으로 인해 마음이 점점 열리고 사랑에 빠지는데……", "poster_path": "/jwvnAb2KGKMXNOWIF436RmH4xCE.jpg", "countries": [67], "genres": [18, 10749], "like_users": []}}, {"model": "movies.movie", "pk": 435707, "fields": {"title": "피부", "release_date": "2017-06-09", "popularity": 17.266, "vote_count": 483, "vote_average": 6.5, "overview": "기형과 장애를 지닌 사람들이 남과 다르다는 이유로 이들을 외면하는 사회에서 살아갈 방법을 힘겹게 모색하는 과정을 그린 블랙 코미디.", "poster_path": "/bA66jSLXsKXsMu1K0LylDWKxkNf.jpg", "countries": [67], "genres": [18, 35], "like_users": []}}, {"model": "movies.movie", "pk": 437033, "fields": {"title": "강박이 똑똑!", "release_date": "2017-09-01", "popularity": 20.508, "vote_count": 1151, "vote_average": 7.1, "overview": "왜 안 오는 거야! 의사의 비행기 연착으로 본의 아니게 같은 시간, 같은 공간에 머물게 된 6명의 강박 장애 환자들. 저마다 별난 기벽을 가진 이들, 서로를 견딜 수나 있을까?", "poster_path": "/joZlq9ccyJ8es0imyDmW0fZ4TOe.jpg", "countries": [67], "genres": [35], "like_users": []}}, {"model": "movies.movie", "pk": 440161, "fields": {"title": "시스터스 브라더스", "release_date": "2018-09-19", "popularity": 16.507, "vote_count": 1795, "vote_average": 6.8, "overview": "찰리와 엘리 시스터스 형제는 손에 피를 묻히고 산다. 청부살인이 직업이다. 형제는 파트너 존과 더불어 범죄자를 소탕하지만, 재미를 위해 살인을 하는 것은 아니다. 단지 일일 뿐이다. 동생 찰리가 이 일에 재능을 타고 난 반면, 엘리야는 평범한 삶을 꿈꾼다. 오레곤에서 캘리포니아까지, 새로운 추격이 시작된다.", "poster_path": "/l02EwhJiAZjcETJaLgnAF5e74YQ.jpg", "countries": [67], "genres": [18, 37], "like_users": []}}, {"model": "movies.movie", "pk": 519010, "fields": {"title": "페인 앤 글로리", "release_date": "2019-03-22", "popularity": 17.659, "vote_count": 1665, "vote_average": 7.4, "overview": "수많은 걸작을 탄생시킨 영화감독 살바도르 말로(안토니오 반데라스). 약해진 몸과 마음으로 활동을 중단한 채 지내고 있다. 어느 날 그는 리마스터링된 본인의 영화 시사회에 참석해달라는 제안을 받는다. 32년 만에 자신의 영화를 재관람한 살바도르는 전과 다른 감상을 얻고 생각에 잠긴다. 그는 주연 배우였던 알베르토(아시에르 에테안디아)를 찾아가 함께 시사회에 가자고 말한다. 과거 사이가 좋지 않던 둘의 만남은 서먹하기 이를 데 없지만, 이내 전보다 가까워져 시사회에 동반 참석하기로 한다. 그러던 중 알베르토는 우연히 살바도르의 글을 읽고 이에 깊게 매료되는데…", "poster_path": "/imEOToxhy2nqrJRBoBIAuf5airr.jpg", "countries": [67], "genres": [18], "like_users": []}}, {"model": "movies.movie", "pk": 763152, "fields": {"title": "Donde caben dos", "release_date": "2021-07-30", "popularity": 19.406, "vote_count": 404, "vote_average": 6.7, "overview": "등록된 줄거리가 없습니다.", "poster_path": "/uShw8wJ7K4ySrPtUWjGe8wwJ5fj.jpg", "countries": [67], "genres": [35, 10749], "like_users": []}}, {"model": "movies.movie", "pk": 766798, "fields": {"title": "패러렐 마더스", "release_date": "2021-10-08", "popularity": 20.839, "vote_count": 832, "vote_average": 6.8, "overview": "홀로 출산을 준비 중인 사진작가 야니스는 같은 병실에서 어린 산모 아나를 만난다. 같은 날, 같은 시간에 딸을 낳은 두 사람은 짧지만 깊은 우정을 나눈다. 야니스는 아나와 자신의 딸이 뒤바뀌었다는 사실을 알게 되지만, 진실을 알리지 못한 채 아나와 점점 더 가까워져만 가는데…", "poster_path": "/jRDCxsygRJ1X5u7HVHkuuG1gopw.jpg", "countries": [67], "genres": [18], "like_users": []}}, {"model": "movies.movie", "pk": 818647, "fields": {"title": "스루 마이 윈도", "release_date": "2022-02-04", "popularity": 58.95, "vote_count": 2770, "vote_average": 7.4, "overview": "옆집에 사는 남자를 오랫동안 짝사랑해온 라켈. 가족의 반대에도 불구하고 그 남자 역시 라켈에게 마음을 열기 시작하자, 그녀의 감정도 커져간다.", "poster_path": "/zGnfnPkQRUC1W1R5A8ldI4AfSJu.jpg", "countries": [67], "genres": [18, 35, 10749], "like_users": []}}, {"model": "movies.movie", "pk": 988078, "fields": {"title": "스루 마이 윈도: 우리 사이의 바다", "release_date": "2023-06-23", "popularity": 76.26, "vote_count": 591, "vote_average": 6.5, "overview": "아레스가 스톡홀름으로 유학을 떠나면서 장거리 연애를 시작한 아레스와 라켈. 그러나 장거리 연애는 생각했던 것보다도 훨씬 힘들다. 두 사람은 여름을 맞아 재회하지만, 서로 떨어져 지낸 오랜 시간과 그동안 알게 된 사람들이 절대 깨지지 않을 거라고 생각했던 두 사람의 유대를 흔들기 시작한다.", "poster_path": "/30KnKBzNizdUY2y8EDoFGxcrWdV.jpg", "countries": [67], "genres": [18, 35, 10749], "like_users": []}}, {"model": "movies.movie", "pk": 1010581, "fields": {"title": "나의 잘못", "release_date": "2023-06-08", "popularity": 298.507, "vote_count": 1931, "vote_average": 8.1, "overview": "노아는 남자 친구와 친구들이 있는 동네를 뒤로하고 엄마의 새 부자 남편 저택으로 이사를 가게 된다. 의붓오빠 닉과는 첫 만남부터 삐걱댔지만 곧 서로에게 이끌려 금지된 관계를 맺는다. 반항심과 고뇌로 가득 찬 그들의 인생은 송두리째 흔들리고 둘은 결국 뜨거운 사랑에 빠진다.", "poster_path": "/duT8Vks5FXwDkpxoR84xb2a6VB6.jpg", "countries": [67], "genres": [18, 10749], "like_users": []}}, {"model": "movies.comment", "pk": 1, "fields": {"movie": 48650, "content": "sdf", "created_at": "2023-11-24T01:37:02.342Z", "updated_at": "2023-11-24T01:37:02.342Z"}}]