[{"model": "movies.genre", "pk": 1, "fields": {"name": "액션"}}, {"model": "movies.genre", "pk": 2, "fields": {"name": "모험"}}, {"model": "movies.genre", "pk": 3, "fields": {"name": "애니메이션"}}, {"model": "movies.genre", "pk": 4, "fields": {"name": "코미디"}}, {"model": "movies.genre", "pk": 5, "fields": {"name": "범죄"}}, {"model": "movies.genre", "pk": 6, "fields": {"name": "다큐멘터리"}}, {"model": "movies.genre", "pk": 7, "fields": {"name": "드라마"}}, {"model": "movies.genre", "pk": 8, "fields": {"name": "가족"}}, {"model": "movies.genre", "pk": 9, "fields": {"name": "판타지"}}, {"model": "movies.genre", "pk": 10, "fields": {"name": "역사"}}, {"model": "movies.genre", "pk": 11, "fields": {"name": "공포"}}, {"model": "movies.genre", "pk": 12, "fields": {"name": "음악"}}, {"model": "movies.genre", "pk": 13, "fields": {"name": "미스터리"}}, {"model": "movies.genre", "pk": 14, "fields": {"name": "로맨스"}}, {"model": "movies.genre", "pk": 15, "fields": {"name": "SF"}}, {"model": "movies.genre", "pk": 16, "fields": {"name": "TV 영화"}}, {"model": "movies.genre", "pk": 17, "fields": {"name": "스릴러"}}, {"model": "movies.genre", "pk": 18, "fields": {"name": "전쟁"}}, {"model": "movies.genre", "pk": 19, "fields": {"name": "서부"}}, {"model": "movies.area", "pk": 1, "fields": {"name": "EastAsia"}}, {"model": "movies.area", "pk": 2, "fields": {"name": "SoutheastAsia"}}, {"model": "movies.area", "pk": 3, "fields": {"name": "CentralAsia"}}, {"model": "movies.area", "pk": 4, "fields": {"name": "SouthAsia"}}, {"model": "movies.area", "pk": 5, "fields": {"name": "MiddleEast"}}, {"model": "movies.area", "pk": 6, "fields": {"name": "NorthAmerica"}}, {"model": "movies.area", "pk": 7, "fields": {"name": "SouthAmerica"}}, {"model": "movies.area", "pk": 8, "fields": {"name": "Europe"}}, {"model": "movies.area", "pk": 9, "fields": {"name": "Oceania"}}, {"model": "movies.area", "pk": 10, "fields": {"name": "Africa"}}, {"model": "movies.country", "pk": 1, "fields": {"english_name": "Andorra", "korean_name": "안도라", "iso_3166_1": "AD", "area": null}}, {"model": "movies.country", "pk": 2, "fields": {"english_name": "United Arab Emirates", "korean_name": "아랍에미리트 연합", "iso_3166_1": "AE", "area": null}}, {"model": "movies.country", "pk": 3, "fields": {"english_name": "Afghanistan", "korean_name": "아프가니스탄", "iso_3166_1": "AF", "area": null}}, {"model": "movies.country", "pk": 4, "fields": {"english_name": "Antigua and Barbuda", "korean_name": "앤티가 바부다", "iso_3166_1": "AG", "area": null}}, {"model": "movies.country", "pk": 5, "fields": {"english_name": "Anguilla", "korean_name": "안길라", "iso_3166_1": "AI", "area": null}}, {"model": "movies.country", "pk": 6, "fields": {"english_name": "Albania", "korean_name": "알바니아", "iso_3166_1": "AL", "area": null}}, {"model": "movies.country", "pk": 7, "fields": {"english_name": "Armenia", "korean_name": "아르메니아", "iso_3166_1": "AM", "area": null}}, {"model": "movies.country", "pk": 8, "fields": {"english_name": "Netherlands Antilles", "korean_name": "네덜란드령 안틸레스", "iso_3166_1": "AN", "area": null}}, {"model": "movies.country", "pk": 9, "fields": {"english_name": "Angola", "korean_name": "앙골라", "iso_3166_1": "AO", "area": null}}, {"model": "movies.country", "pk": 10, "fields": {"english_name": "Antarctica", "korean_name": "남극 대륙", "iso_3166_1": "AQ", "area": null}}, {"model": "movies.country", "pk": 11, "fields": {"english_name": "Argentina", "korean_name": "아르헨티나", "iso_3166_1": "AR", "area": 7}}, {"model": "movies.country", "pk": 12, "fields": {"english_name": "American Samoa", "korean_name": "아메리칸 사모아", "iso_3166_1": "AS", "area": null}}, {"model": "movies.country", "pk": 13, "fields": {"english_name": "Austria", "korean_name": "오스트리아", "iso_3166_1": "AT", "area": null}}, {"model": "movies.country", "pk": 14, "fields": {"english_name": "Australia", "korean_name": "호주", "iso_3166_1": "AU", "area": 9}}, {"model": "movies.country", "pk": 15, "fields": {"english_name": "Aruba", "korean_name": "아루바", "iso_3166_1": "AW", "area": null}}, {"model": "movies.country", "pk": 16, "fields": {"english_name": "Azerbaijan", "korean_name": "아제르바이잔", "iso_3166_1": "AZ", "area": null}}, {"model": "movies.country", "pk": 17, "fields": {"english_name": "Bosnia and Herzegovina", "korean_name": "보스니아 헤르체고비나", "iso_3166_1": "BA", "area": null}}, {"model": "movies.country", "pk": 18, "fields": {"english_name": "Barbados", "korean_name": "바베이도스", "iso_3166_1": "BB", "area": null}}, {"model": "movies.country", "pk": 19, "fields": {"english_name": "Bangladesh", "korean_name": "방글라데시", "iso_3166_1": "BD", "area": null}}, {"model": "movies.country", "pk": 20, "fields": {"english_name": "Belgium", "korean_name": "벨기에", "iso_3166_1": "BE", "area": null}}, {"model": "movies.country", "pk": 21, "fields": {"english_name": "Burkina Faso", "korean_name": "부르키나파소", "iso_3166_1": "BF", "area": null}}, {"model": "movies.country", "pk": 22, "fields": {"english_name": "Bulgaria", "korean_name": "불가리아", "iso_3166_1": "BG", "area": null}}, {"model": "movies.country", "pk": 23, "fields": {"english_name": "Bahrain", "korean_name": "바레인", "iso_3166_1": "BH", "area": null}}, {"model": "movies.country", "pk": 24, "fields": {"english_name": "Burundi", "korean_name": "부룬디", "iso_3166_1": "BI", "area": null}}, {"model": "movies.country", "pk": 25, "fields": {"english_name": "Benin", "korean_name": "베냉", "iso_3166_1": "BJ", "area": null}}, {"model": "movies.country", "pk": 26, "fields": {"english_name": "Bermuda", "korean_name": "버뮤다", "iso_3166_1": "BM", "area": null}}, {"model": "movies.country", "pk": 27, "fields": {"english_name": "Brunei Darussalam", "korean_name": "브루나이", "iso_3166_1": "BN", "area": null}}, {"model": "movies.country", "pk": 28, "fields": {"english_name": "Bolivia", "korean_name": "볼리비아", "iso_3166_1": "BO", "area": null}}, {"model": "movies.country", "pk": 29, "fields": {"english_name": "Brazil", "korean_name": "브라질", "iso_3166_1": "BR", "area": 7}}, {"model": "movies.country", "pk": 30, "fields": {"english_name": "Bahamas", "korean_name": "바하마", "iso_3166_1": "BS", "area": null}}, {"model": "movies.country", "pk": 31, "fields": {"english_name": "Bhutan", "korean_name": "부탄", "iso_3166_1": "BT", "area": null}}, {"model": "movies.country", "pk": 32, "fields": {"english_name": "Burma", "korean_name": "Burma", "iso_3166_1": "BU", "area": null}}, {"model": "movies.country", "pk": 33, "fields": {"english_name": "Bouvet Island", "korean_name": "부베", "iso_3166_1": "BV", "area": null}}, {"model": "movies.country", "pk": 34, "fields": {"english_name": "Botswana", "korean_name": "보츠와나", "iso_3166_1": "BW", "area": null}}, {"model": "movies.country", "pk": 35, "fields": {"english_name": "Belarus", "korean_name": "벨라루스", "iso_3166_1": "BY", "area": null}}, {"model": "movies.country", "pk": 36, "fields": {"english_name": "Belize", "korean_name": "벨리즈", "iso_3166_1": "BZ", "area": null}}, {"model": "movies.country", "pk": 37, "fields": {"english_name": "Canada", "korean_name": "캐나다", "iso_3166_1": "CA", "area": 6}}, {"model": "movies.country", "pk": 38, "fields": {"english_name": "Cocos  Islands", "korean_name": "코코스제도", "iso_3166_1": "CC", "area": null}}, {"model": "movies.country", "pk": 39, "fields": {"english_name": "Congo", "korean_name": "콩고-킨샤사", "iso_3166_1": "CD", "area": 10}}, {"model": "movies.country", "pk": 40, "fields": {"english_name": "Central African Republic", "korean_name": "중앙 아프리카 공화국", "iso_3166_1": "CF", "area": null}}, {"model": "movies.country", "pk": 41, "fields": {"english_name": "Congo", "korean_name": "콩고", "iso_3166_1": "CG", "area": null}}, {"model": "movies.country", "pk": 42, "fields": {"english_name": "Switzerland", "korean_name": "스위스", "iso_3166_1": "CH", "area": null}}, {"model": "movies.country", "pk": 43, "fields": {"english_name": "Cote D'Ivoire", "korean_name": "코트디부아르", "iso_3166_1": "CI", "area": null}}, {"model": "movies.country", "pk": 44, "fields": {"english_name": "Cook Islands", "korean_name": "쿡제도", "iso_3166_1": "CK", "area": null}}, {"model": "movies.country", "pk": 45, "fields": {"english_name": "Chile", "korean_name": "칠레", "iso_3166_1": "CL", "area": 7}}, {"model": "movies.country", "pk": 46, "fields": {"english_name": "Cameroon", "korean_name": "카메룬", "iso_3166_1": "CM", "area": null}}, {"model": "movies.country", "pk": 47, "fields": {"english_name": "China", "korean_name": "중국", "iso_3166_1": "CN", "area": 1}}, {"model": "movies.country", "pk": 48, "fields": {"english_name": "Colombia", "korean_name": "콜롬비아", "iso_3166_1": "CO", "area": 7}}, {"model": "movies.country", "pk": 49, "fields": {"english_name": "Costa Rica", "korean_name": "코스타리카", "iso_3166_1": "CR", "area": null}}, {"model": "movies.country", "pk": 50, "fields": {"english_name": "Serbia and Montenegro", "korean_name": "Serbia and Montenegro", "iso_3166_1": "CS", "area": null}}, {"model": "movies.country", "pk": 51, "fields": {"english_name": "Cuba", "korean_name": "쿠바", "iso_3166_1": "CU", "area": null}}, {"model": "movies.country", "pk": 52, "fields": {"english_name": "Cape Verde", "korean_name": "까뽀베르데", "iso_3166_1": "CV", "area": null}}, {"model": "movies.country", "pk": 53, "fields": {"english_name": "Christmas Island", "korean_name": "크리스마스섬", "iso_3166_1": "CX", "area": null}}, {"model": "movies.country", "pk": 54, "fields": {"english_name": "Cyprus", "korean_name": "사이프러스", "iso_3166_1": "CY", "area": null}}, {"model": "movies.country", "pk": 55, "fields": {"english_name": "Czech Republic", "korean_name": "체코", "iso_3166_1": "CZ", "area": 8}}, {"model": "movies.country", "pk": 56, "fields": {"english_name": "Germany", "korean_name": "독일", "iso_3166_1": "DE", "area": 8}}, {"model": "movies.country", "pk": 57, "fields": {"english_name": "Djibouti", "korean_name": "지부티", "iso_3166_1": "DJ", "area": null}}, {"model": "movies.country", "pk": 58, "fields": {"english_name": "Denmark", "korean_name": "덴마크", "iso_3166_1": "DK", "area": null}}, {"model": "movies.country", "pk": 59, "fields": {"english_name": "Dominica", "korean_name": "도미니카", "iso_3166_1": "DM", "area": null}}, {"model": "movies.country", "pk": 60, "fields": {"english_name": "Dominican Republic", "korean_name": "도미니카 공화국", "iso_3166_1": "DO", "area": null}}, {"model": "movies.country", "pk": 61, "fields": {"english_name": "Algeria", "korean_name": "알제리", "iso_3166_1": "DZ", "area": null}}, {"model": "movies.country", "pk": 62, "fields": {"english_name": "Ecuador", "korean_name": "에콰도르", "iso_3166_1": "EC", "area": null}}, {"model": "movies.country", "pk": 63, "fields": {"english_name": "Estonia", "korean_name": "에스토니아", "iso_3166_1": "EE", "area": null}}, {"model": "movies.country", "pk": 64, "fields": {"english_name": "Egypt", "korean_name": "이집트", "iso_3166_1": "EG", "area": 5}}, {"model": "movies.country", "pk": 65, "fields": {"english_name": "Western Sahara", "korean_name": "서사하라", "iso_3166_1": "EH", "area": null}}, {"model": "movies.country", "pk": 66, "fields": {"english_name": "Eritrea", "korean_name": "에리트리아", "iso_3166_1": "ER", "area": null}}, {"model": "movies.country", "pk": 67, "fields": {"english_name": "Spain", "korean_name": "스페인", "iso_3166_1": "ES", "area": 8}}, {"model": "movies.country", "pk": 68, "fields": {"english_name": "Ethiopia", "korean_name": "이디오피아", "iso_3166_1": "ET", "area": 10}}, {"model": "movies.country", "pk": 69, "fields": {"english_name": "Finland", "korean_name": "핀란드", "iso_3166_1": "FI", "area": null}}, {"model": "movies.country", "pk": 70, "fields": {"english_name": "Fiji", "korean_name": "피지", "iso_3166_1": "FJ", "area": null}}, {"model": "movies.country", "pk": 71, "fields": {"english_name": "Falkland Islands", "korean_name": "포클랜드 제도", "iso_3166_1": "FK", "area": null}}, {"model": "movies.country", "pk": 72, "fields": {"english_name": "Micronesia", "korean_name": "미크로네시아", "iso_3166_1": "FM", "area": null}}, {"model": "movies.country", "pk": 73, "fields": {"english_name": "Faeroe Islands", "korean_name": "페로제도", "iso_3166_1": "FO", "area": null}}, {"model": "movies.country", "pk": 74, "fields": {"english_name": "France", "korean_name": "프랑스", "iso_3166_1": "FR", "area": 8}}, {"model": "movies.country", "pk": 75, "fields": {"english_name": "Gabon", "korean_name": "가봉", "iso_3166_1": "GA", "area": null}}, {"model": "movies.country", "pk": 76, "fields": {"english_name": "United Kingdom", "korean_name": "영국", "iso_3166_1": "GB", "area": 8}}, {"model": "movies.country", "pk": 77, "fields": {"english_name": "Grenada", "korean_name": "그레나다", "iso_3166_1": "GD", "area": null}}, {"model": "movies.country", "pk": 78, "fields": {"english_name": "Georgia", "korean_name": "조지아", "iso_3166_1": "GE", "area": null}}, {"model": "movies.country", "pk": 79, "fields": {"english_name": "French Guiana", "korean_name": "프랑스령 기아나", "iso_3166_1": "GF", "area": null}}, {"model": "movies.country", "pk": 80, "fields": {"english_name": "Ghana", "korean_name": "가나", "iso_3166_1": "GH", "area": null}}, {"model": "movies.country", "pk": 81, "fields": {"english_name": "Gibraltar", "korean_name": "지브롤터", "iso_3166_1": "GI", "area": null}}, {"model": "movies.country", "pk": 82, "fields": {"english_name": "Greenland", "korean_name": "그린란드", "iso_3166_1": "GL", "area": null}}, {"model": "movies.country", "pk": 83, "fields": {"english_name": "Gambia", "korean_name": "감비아", "iso_3166_1": "GM", "area": null}}, {"model": "movies.country", "pk": 84, "fields": {"english_name": "Guinea", "korean_name": "기니", "iso_3166_1": "GN", "area": null}}, {"model": "movies.country", "pk": 85, "fields": {"english_name": "Guadaloupe", "korean_name": "과들루프", "iso_3166_1": "GP", "area": null}}, {"model": "movies.country", "pk": 86, "fields": {"english_name": "Equatorial Guinea", "korean_name": "적도 기니", "iso_3166_1": "GQ", "area": null}}, {"model": "movies.country", "pk": 87, "fields": {"english_name": "Greece", "korean_name": "그리스", "iso_3166_1": "GR", "area": null}}, {"model": "movies.country", "pk": 88, "fields": {"english_name": "South Georgia and the South Sandwich Islands", "korean_name": "사우스조지아 사우스샌드위치 제도", "iso_3166_1": "GS", "area": null}}, {"model": "movies.country", "pk": 89, "fields": {"english_name": "Guatemala", "korean_name": "과테말라", "iso_3166_1": "GT", "area": null}}, {"model": "movies.country", "pk": 90, "fields": {"english_name": "Guam", "korean_name": "괌", "iso_3166_1": "GU", "area": null}}, {"model": "movies.country", "pk": 91, "fields": {"english_name": "Guinea-Bissau", "korean_name": "기네비쏘", "iso_3166_1": "GW", "area": null}}, {"model": "movies.country", "pk": 92, "fields": {"english_name": "Guyana", "korean_name": "가이아나", "iso_3166_1": "GY", "area": null}}, {"model": "movies.country", "pk": 93, "fields": {"english_name": "Hong Kong", "korean_name": "홍콩, 중국 특별행정구", "iso_3166_1": "HK", "area": 1}}, {"model": "movies.country", "pk": 94, "fields": {"english_name": "Heard and McDonald Islands", "korean_name": "허드섬-맥도널드제도", "iso_3166_1": "HM", "area": null}}, {"model": "movies.country", "pk": 95, "fields": {"english_name": "Honduras", "korean_name": "온두라스", "iso_3166_1": "HN", "area": null}}, {"model": "movies.country", "pk": 96, "fields": {"english_name": "Croatia", "korean_name": "크로아티아", "iso_3166_1": "HR", "area": null}}, {"model": "movies.country", "pk": 97, "fields": {"english_name": "Haiti", "korean_name": "아이티", "iso_3166_1": "HT", "area": null}}, {"model": "movies.country", "pk": 98, "fields": {"english_name": "Hungary", "korean_name": "헝가리", "iso_3166_1": "HU", "area": null}}, {"model": "movies.country", "pk": 99, "fields": {"english_name": "Indonesia", "korean_name": "인도네시아", "iso_3166_1": "ID", "area": 2}}, {"model": "movies.country", "pk": 100, "fields": {"english_name": "Ireland", "korean_name": "아일랜드", "iso_3166_1": "IE", "area": null}}, {"model": "movies.country", "pk": 101, "fields": {"english_name": "Israel", "korean_name": "이스라엘", "iso_3166_1": "IL", "area": 5}}, {"model": "movies.country", "pk": 102, "fields": {"english_name": "India", "korean_name": "인도", "iso_3166_1": "IN", "area": 4}}, {"model": "movies.country", "pk": 103, "fields": {"english_name": "British Indian Ocean Territory", "korean_name": "영국령인도양식민지", "iso_3166_1": "IO", "area": null}}, {"model": "movies.country", "pk": 104, "fields": {"english_name": "Iraq", "korean_name": "이라크", "iso_3166_1": "IQ", "area": null}}, {"model": "movies.country", "pk": 105, "fields": {"english_name": "Iran", "korean_name": "이란", "iso_3166_1": "IR", "area": 5}}, {"model": "movies.country", "pk": 106, "fields": {"english_name": "Iceland", "korean_name": "아이슬란드", "iso_3166_1": "IS", "area": null}}, {"model": "movies.country", "pk": 107, "fields": {"english_name": "Italy", "korean_name": "이탈리아", "iso_3166_1": "IT", "area": 8}}, {"model": "movies.country", "pk": 108, "fields": {"english_name": "Jamaica", "korean_name": "자메이카", "iso_3166_1": "JM", "area": null}}, {"model": "movies.country", "pk": 109, "fields": {"english_name": "Jordan", "korean_name": "요르단", "iso_3166_1": "JO", "area": null}}, {"model": "movies.country", "pk": 110, "fields": {"english_name": "Japan", "korean_name": "일본", "iso_3166_1": "JP", "area": 1}}, {"model": "movies.country", "pk": 111, "fields": {"english_name": "Kenya", "korean_name": "케냐", "iso_3166_1": "KE", "area": null}}, {"model": "movies.country", "pk": 112, "fields": {"english_name": "Kyrgyz Republic", "korean_name": "키르기스스탄", "iso_3166_1": "KG", "area": null}}, {"model": "movies.country", "pk": 113, "fields": {"english_name": "Cambodia", "korean_name": "캄보디아", "iso_3166_1": "KH", "area": null}}, {"model": "movies.country", "pk": 114, "fields": {"english_name": "Kiribati", "korean_name": "키리바시", "iso_3166_1": "KI", "area": null}}, {"model": "movies.country", "pk": 115, "fields": {"english_name": "Comoros", "korean_name": "코모로스", "iso_3166_1": "KM", "area": null}}, {"model": "movies.country", "pk": 116, "fields": {"english_name": "St. Kitts and Nevis", "korean_name": "세인트 키츠 네비스", "iso_3166_1": "KN", "area": null}}, {"model": "movies.country", "pk": 117, "fields": {"english_name": "North Korea", "korean_name": "조선 민주주의 인민 공화국", "iso_3166_1": "KP", "area": null}}, {"model": "movies.country", "pk": 118, "fields": {"english_name": "South Korea", "korean_name": "대한민국", "iso_3166_1": "KR", "area": 1}}, {"model": "movies.country", "pk": 119, "fields": {"english_name": "Kuwait", "korean_name": "쿠웨이트", "iso_3166_1": "KW", "area": null}}, {"model": "movies.country", "pk": 120, "fields": {"english_name": "Cayman Islands", "korean_name": "케이맨제도", "iso_3166_1": "KY", "area": null}}, {"model": "movies.country", "pk": 121, "fields": {"english_name": "Kazakhstan", "korean_name": "카자흐스탄", "iso_3166_1": "KZ", "area": 3}}, {"model": "movies.country", "pk": 122, "fields": {"english_name": "Lao People's Democratic Republic", "korean_name": "라오스", "iso_3166_1": "LA", "area": null}}, {"model": "movies.country", "pk": 123, "fields": {"english_name": "Lebanon", "korean_name": "레바논", "iso_3166_1": "LB", "area": null}}, {"model": "movies.country", "pk": 124, "fields": {"english_name": "St. Lucia", "korean_name": "세인트루시아", "iso_3166_1": "LC", "area": null}}, {"model": "movies.country", "pk": 125, "fields": {"english_name": "Liechtenstein", "korean_name": "리히텐슈타인", "iso_3166_1": "LI", "area": null}}, {"model": "movies.country", "pk": 126, "fields": {"english_name": "Sri Lanka", "korean_name": "스리랑카", "iso_3166_1": "LK", "area": null}}, {"model": "movies.country", "pk": 127, "fields": {"english_name": "Liberia", "korean_name": "라이베리아", "iso_3166_1": "LR", "area": null}}, {"model": "movies.country", "pk": 128, "fields": {"english_name": "Lesotho", "korean_name": "레소토", "iso_3166_1": "LS", "area": null}}, {"model": "movies.country", "pk": 129, "fields": {"english_name": "Lithuania", "korean_name": "리투아니아", "iso_3166_1": "LT", "area": null}}, {"model": "movies.country", "pk": 130, "fields": {"english_name": "Luxembourg", "korean_name": "룩셈부르크", "iso_3166_1": "LU", "area": null}}, {"model": "movies.country", "pk": 131, "fields": {"english_name": "Latvia", "korean_name": "라트비아", "iso_3166_1": "LV", "area": null}}, {"model": "movies.country", "pk": 132, "fields": {"english_name": "Libyan Arab Jamahiriya", "korean_name": "리비아", "iso_3166_1": "LY", "area": null}}, {"model": "movies.country", "pk": 133, "fields": {"english_name": "Morocco", "korean_name": "모로코", "iso_3166_1": "MA", "area": null}}, {"model": "movies.country", "pk": 134, "fields": {"english_name": "Monaco", "korean_name": "모나코", "iso_3166_1": "MC", "area": null}}, {"model": "movies.country", "pk": 135, "fields": {"english_name": "Moldova", "korean_name": "몰도바", "iso_3166_1": "MD", "area": null}}, {"model": "movies.country", "pk": 136, "fields": {"english_name": "Montenegro", "korean_name": "몬테네그로", "iso_3166_1": "ME", "area": null}}, {"model": "movies.country", "pk": 137, "fields": {"english_name": "Madagascar", "korean_name": "마다가스카르", "iso_3166_1": "MG", "area": null}}, {"model": "movies.country", "pk": 138, "fields": {"english_name": "Marshall Islands", "korean_name": "마샬 군도", "iso_3166_1": "MH", "area": null}}, {"model": "movies.country", "pk": 139, "fields": {"english_name": "Macedonia", "korean_name": "마케도니아", "iso_3166_1": "MK", "area": null}}, {"model": "movies.country", "pk": 140, "fields": {"english_name": "Mali", "korean_name": "말리", "iso_3166_1": "ML", "area": null}}, {"model": "movies.country", "pk": 141, "fields": {"english_name": "Myanmar", "korean_name": "미얀마", "iso_3166_1": "MM", "area": null}}, {"model": "movies.country", "pk": 142, "fields": {"english_name": "Mongolia", "korean_name": "몽골", "iso_3166_1": "MN", "area": 3}}, {"model": "movies.country", "pk": 143, "fields": {"english_name": "Macao", "korean_name": "마카오, 중국 특별행정구", "iso_3166_1": "MO", "area": null}}, {"model": "movies.country", "pk": 144, "fields": {"english_name": "Northern Mariana Islands", "korean_name": "북마리아나제도", "iso_3166_1": "MP", "area": null}}, {"model": "movies.country", "pk": 145, "fields": {"english_name": "Martinique", "korean_name": "말티니크", "iso_3166_1": "MQ", "area": null}}, {"model": "movies.country", "pk": 146, "fields": {"english_name": "Mauritania", "korean_name": "모리타니", "iso_3166_1": "MR", "area": null}}, {"model": "movies.country", "pk": 147, "fields": {"english_name": "Montserrat", "korean_name": "몬트세라트", "iso_3166_1": "MS", "area": null}}, {"model": "movies.country", "pk": 148, "fields": {"english_name": "Malta", "korean_name": "몰타", "iso_3166_1": "MT", "area": null}}, {"model": "movies.country", "pk": 149, "fields": {"english_name": "Mauritius", "korean_name": "모리셔스", "iso_3166_1": "MU", "area": null}}, {"model": "movies.country", "pk": 150, "fields": {"english_name": "Maldives", "korean_name": "몰디브", "iso_3166_1": "MV", "area": null}}, {"model": "movies.country", "pk": 151, "fields": {"english_name": "Malawi", "korean_name": "말라위", "iso_3166_1": "MW", "area": null}}, {"model": "movies.country", "pk": 152, "fields": {"english_name": "Mexico", "korean_name": "멕시코", "iso_3166_1": "MX", "area": 7}}, {"model": "movies.country", "pk": 153, "fields": {"english_name": "Malaysia", "korean_name": "말레이시아", "iso_3166_1": "MY", "area": null}}, {"model": "movies.country", "pk": 154, "fields": {"english_name": "Mozambique", "korean_name": "모잠비크", "iso_3166_1": "MZ", "area": null}}, {"model": "movies.country", "pk": 155, "fields": {"english_name": "Namibia", "korean_name": "나미비아", "iso_3166_1": "NA", "area": null}}, {"model": "movies.country", "pk": 156, "fields": {"english_name": "New Caledonia", "korean_name": "뉴 칼레도니아", "iso_3166_1": "NC", "area": null}}, {"model": "movies.country", "pk": 157, "fields": {"english_name": "Niger", "korean_name": "니제르", "iso_3166_1": "NE", "area": null}}, {"model": "movies.country", "pk": 158, "fields": {"english_name": "Norfolk Island", "korean_name": "노퍽섬", "iso_3166_1": "NF", "area": null}}, {"model": "movies.country", "pk": 159, "fields": {"english_name": "Nigeria", "korean_name": "나이지리아", "iso_3166_1": "NG", "area": 10}}, {"model": "movies.country", "pk": 160, "fields": {"english_name": "Nicaragua", "korean_name": "니카라과", "iso_3166_1": "NI", "area": null}}, {"model": "movies.country", "pk": 161, "fields": {"english_name": "Netherlands", "korean_name": "네덜란드", "iso_3166_1": "NL", "area": null}}, {"model": "movies.country", "pk": 162, "fields": {"english_name": "Norway", "korean_name": "노르웨이", "iso_3166_1": "NO", "area": null}}, {"model": "movies.country", "pk": 163, "fields": {"english_name": "Nepal", "korean_name": "네팔", "iso_3166_1": "NP", "area": null}}, {"model": "movies.country", "pk": 164, "fields": {"english_name": "Nauru", "korean_name": "나우루", "iso_3166_1": "NR", "area": null}}, {"model": "movies.country", "pk": 165, "fields": {"english_name": "Niue", "korean_name": "니우에", "iso_3166_1": "NU", "area": null}}, {"model": "movies.country", "pk": 166, "fields": {"english_name": "New Zealand", "korean_name": "뉴질랜드", "iso_3166_1": "NZ", "area": 9}}, {"model": "movies.country", "pk": 167, "fields": {"english_name": "Oman", "korean_name": "오만", "iso_3166_1": "OM", "area": null}}, {"model": "movies.country", "pk": 168, "fields": {"english_name": "Panama", "korean_name": "파나마", "iso_3166_1": "PA", "area": null}}, {"model": "movies.country", "pk": 169, "fields": {"english_name": "Peru", "korean_name": "페루", "iso_3166_1": "PE", "area": null}}, {"model": "movies.country", "pk": 170, "fields": {"english_name": "French Polynesia", "korean_name": "프랑스령 폴리네시아", "iso_3166_1": "PF", "area": null}}, {"model": "movies.country", "pk": 171, "fields": {"english_name": "Papua New Guinea", "korean_name": "파푸아뉴기니", "iso_3166_1": "PG", "area": null}}, {"model": "movies.country", "pk": 172, "fields": {"english_name": "Philippines", "korean_name": "필리핀", "iso_3166_1": "PH", "area": 2}}, {"model": "movies.country", "pk": 173, "fields": {"english_name": "Pakistan", "korean_name": "파키스탄", "iso_3166_1": "PK", "area": 4}}, {"model": "movies.country", "pk": 174, "fields": {"english_name": "Poland", "korean_name": "폴란드", "iso_3166_1": "PL", "area": null}}, {"model": "movies.country", "pk": 175, "fields": {"english_name": "St. Pierre and Miquelon", "korean_name": "생피에르 미클롱", "iso_3166_1": "PM", "area": null}}, {"model": "movies.country", "pk": 176, "fields": {"english_name": "Pitcairn Island", "korean_name": "핏케언 섬", "iso_3166_1": "PN", "area": null}}, {"model": "movies.country", "pk": 177, "fields": {"english_name": "Puerto Rico", "korean_name": "푸에르토리코", "iso_3166_1": "PR", "area": null}}, {"model": "movies.country", "pk": 178, "fields": {"english_name": "Palestinian Territory", "korean_name": "팔레스타인 지구", "iso_3166_1": "PS", "area": null}}, {"model": "movies.country", "pk": 179, "fields": {"english_name": "Portugal", "korean_name": "포르투갈", "iso_3166_1": "PT", "area": null}}, {"model": "movies.country", "pk": 180, "fields": {"english_name": "Palau", "korean_name": "팔라우", "iso_3166_1": "PW", "area": null}}, {"model": "movies.country", "pk": 181, "fields": {"english_name": "Paraguay", "korean_name": "파라과이", "iso_3166_1": "PY", "area": null}}, {"model": "movies.country", "pk": 182, "fields": {"english_name": "Qatar", "korean_name": "카타르", "iso_3166_1": "QA", "area": null}}, {"model": "movies.country", "pk": 183, "fields": {"english_name": "Reunion", "korean_name": "리유니온", "iso_3166_1": "RE", "area": null}}, {"model": "movies.country", "pk": 184, "fields": {"english_name": "Romania", "korean_name": "루마니아", "iso_3166_1": "RO", "area": null}}, {"model": "movies.country", "pk": 185, "fields": {"english_name": "Serbia", "korean_name": "세르비아", "iso_3166_1": "RS", "area": null}}, {"model": "movies.country", "pk": 186, "fields": {"english_name": "Russia", "korean_name": "러시아", "iso_3166_1": "RU", "area": null}}, {"model": "movies.country", "pk": 187, "fields": {"english_name": "Rwanda", "korean_name": "르완다", "iso_3166_1": "RW", "area": null}}, {"model": "movies.country", "pk": 188, "fields": {"english_name": "Saudi Arabia", "korean_name": "사우디아라비아", "iso_3166_1": "SA", "area": 5}}, {"model": "movies.country", "pk": 189, "fields": {"english_name": "Solomon Islands", "korean_name": "솔로몬 제도", "iso_3166_1": "SB", "area": null}}, {"model": "movies.country", "pk": 190, "fields": {"english_name": "Seychelles", "korean_name": "쉐이쉘", "iso_3166_1": "SC", "area": null}}, {"model": "movies.country", "pk": 191, "fields": {"english_name": "Sudan", "korean_name": "수단", "iso_3166_1": "SD", "area": null}}, {"model": "movies.country", "pk": 192, "fields": {"english_name": "Sweden", "korean_name": "스웨덴", "iso_3166_1": "SE", "area": 8}}, {"model": "movies.country", "pk": 193, "fields": {"english_name": "Singapore", "korean_name": "싱가포르", "iso_3166_1": "SG", "area": 2}}, {"model": "movies.country", "pk": 194, "fields": {"english_name": "St. Helena", "korean_name": "세인트헬레나", "iso_3166_1": "SH", "area": null}}, {"model": "movies.country", "pk": 195, "fields": {"english_name": "Slovenia", "korean_name": "슬로베니아", "iso_3166_1": "SI", "area": null}}, {"model": "movies.country", "pk": 196, "fields": {"english_name": "Svalbard & Jan Mayen Islands", "korean_name": "스발바르제도-얀마웬섬", "iso_3166_1": "SJ", "area": null}}, {"model": "movies.country", "pk": 197, "fields": {"english_name": "Slovakia", "korean_name": "슬로바키아", "iso_3166_1": "SK", "area": null}}, {"model": "movies.country", "pk": 198, "fields": {"english_name": "Sierra Leone", "korean_name": "시에라리온", "iso_3166_1": "SL", "area": null}}, {"model": "movies.country", "pk": 199, "fields": {"english_name": "San Marino", "korean_name": "산마리노", "iso_3166_1": "SM", "area": null}}, {"model": "movies.country", "pk": 200, "fields": {"english_name": "Senegal", "korean_name": "세네갈", "iso_3166_1": "SN", "area": null}}, {"model": "movies.country", "pk": 201, "fields": {"english_name": "Somalia", "korean_name": "소말리아", "iso_3166_1": "SO", "area": null}}, {"model": "movies.country", "pk": 202, "fields": {"english_name": "Suriname", "korean_name": "수리남", "iso_3166_1": "SR", "area": null}}, {"model": "movies.country", "pk": 203, "fields": {"english_name": "South Sudan", "korean_name": "남수단", "iso_3166_1": "SS", "area": null}}, {"model": "movies.country", "pk": 204, "fields": {"english_name": "Sao Tome and Principe", "korean_name": "상투메 프린시페", "iso_3166_1": "ST", "area": null}}, {"model": "movies.country", "pk": 205, "fields": {"english_name": "Soviet Union", "korean_name": "Soviet Union", "iso_3166_1": "SU", "area": null}}, {"model": "movies.country", "pk": 206, "fields": {"english_name": "El Salvador", "korean_name": "엘살바도르", "iso_3166_1": "SV", "area": null}}, {"model": "movies.country", "pk": 207, "fields": {"english_name": "Syrian Arab Republic", "korean_name": "시리아", "iso_3166_1": "SY", "area": null}}, {"model": "movies.country", "pk": 208, "fields": {"english_name": "Swaziland", "korean_name": "스와질랜드", "iso_3166_1": "SZ", "area": null}}, {"model": "movies.country", "pk": 209, "fields": {"english_name": "Turks and Caicos Islands", "korean_name": "터크스케이커스제도", "iso_3166_1": "TC", "area": null}}, {"model": "movies.country", "pk": 210, "fields": {"english_name": "Chad", "korean_name": "차드", "iso_3166_1": "TD", "area": null}}, {"model": "movies.country", "pk": 211, "fields": {"english_name": "French Southern Territories", "korean_name": "프랑스 남부 지방", "iso_3166_1": "TF", "area": null}}, {"model": "movies.country", "pk": 212, "fields": {"english_name": "Togo", "korean_name": "토고", "iso_3166_1": "TG", "area": null}}, {"model": "movies.country", "pk": 213, "fields": {"english_name": "Thailand", "korean_name": "태국", "iso_3166_1": "TH", "area": 2}}, {"model": "movies.country", "pk": 214, "fields": {"english_name": "Tajikistan", "korean_name": "타지키스탄", "iso_3166_1": "TJ", "area": null}}, {"model": "movies.country", "pk": 215, "fields": {"english_name": "Tokelau", "korean_name": "토켈라우", "iso_3166_1": "TK", "area": null}}, {"model": "movies.country", "pk": 216, "fields": {"english_name": "Timor-Leste", "korean_name": "동티모르", "iso_3166_1": "TL", "area": null}}, {"model": "movies.country", "pk": 217, "fields": {"english_name": "Turkmenistan", "korean_name": "투르크메니스탄", "iso_3166_1": "TM", "area": null}}, {"model": "movies.country", "pk": 218, "fields": {"english_name": "Tunisia", "korean_name": "튀니지", "iso_3166_1": "TN", "area": null}}, {"model": "movies.country", "pk": 219, "fields": {"english_name": "Tonga", "korean_name": "통가", "iso_3166_1": "TO", "area": null}}, {"model": "movies.country", "pk": 220, "fields": {"english_name": "East Timor", "korean_name": "East Timor", "iso_3166_1": "TP", "area": null}}, {"model": "movies.country", "pk": 221, "fields": {"english_name": "Turkey", "korean_name": "터키", "iso_3166_1": "TR", "area": 5}}, {"model": "movies.country", "pk": 222, "fields": {"english_name": "Trinidad and Tobago", "korean_name": "트리니다드 토바고", "iso_3166_1": "TT", "area": null}}, {"model": "movies.country", "pk": 223, "fields": {"english_name": "Tuvalu", "korean_name": "투발루", "iso_3166_1": "TV", "area": null}}, {"model": "movies.country", "pk": 224, "fields": {"english_name": "Taiwan", "korean_name": "대만", "iso_3166_1": "TW", "area": 1}}, {"model": "movies.country", "pk": 225, "fields": {"english_name": "Tanzania", "korean_name": "탄자니아", "iso_3166_1": "TZ", "area": 10}}, {"model": "movies.country", "pk": 226, "fields": {"english_name": "Ukraine", "korean_name": "우크라이나", "iso_3166_1": "UA", "area": null}}, {"model": "movies.country", "pk": 227, "fields": {"english_name": "Uganda", "korean_name": "우간다", "iso_3166_1": "UG", "area": null}}, {"model": "movies.country", "pk": 228, "fields": {"english_name": "United States Minor Outlying Islands", "korean_name": "미국령 해외 제도", "iso_3166_1": "UM", "area": null}}, {"model": "movies.country", "pk": 229, "fields": {"english_name": "United States of America", "korean_name": "미국", "iso_3166_1": "US", "area": 6}}, {"model": "movies.country", "pk": 230, "fields": {"english_name": "Uruguay", "korean_name": "우루과이", "iso_3166_1": "UY", "area": null}}, {"model": "movies.country", "pk": 231, "fields": {"english_name": "Uzbekistan", "korean_name": "우즈베키스탄", "iso_3166_1": "UZ", "area": 3}}, {"model": "movies.country", "pk": 232, "fields": {"english_name": "Holy See", "korean_name": "바티칸", "iso_3166_1": "VA", "area": null}}, {"model": "movies.country", "pk": 233, "fields": {"english_name": "St. Vincent and the Grenadines", "korean_name": "세인트빈센트그레나딘", "iso_3166_1": "VC", "area": null}}, {"model": "movies.country", "pk": 234, "fields": {"english_name": "Venezuela", "korean_name": "베네수엘라", "iso_3166_1": "VE", "area": null}}, {"model": "movies.country", "pk": 235, "fields": {"english_name": "British Virgin Islands", "korean_name": "영국령 버진 아일랜드", "iso_3166_1": "VG", "area": null}}, {"model": "movies.country", "pk": 236, "fields": {"english_name": "US Virgin Islands", "korean_name": "미국령 버진 아일랜드", "iso_3166_1": "VI", "area": null}}, {"model": "movies.country", "pk": 237, "fields": {"english_name": "Vietnam", "korean_name": "베트남", "iso_3166_1": "VN", "area": 2}}, {"model": "movies.country", "pk": 238, "fields": {"english_name": "Vanuatu", "korean_name": "바누아투", "iso_3166_1": "VU", "area": null}}, {"model": "movies.country", "pk": 239, "fields": {"english_name": "Wallis and Futuna Islands", "korean_name": "왈리스-푸투나 제도", "iso_3166_1": "WF", "area": null}}, {"model": "movies.country", "pk": 240, "fields": {"english_name": "Samoa", "korean_name": "사모아", "iso_3166_1": "WS", "area": null}}, {"model": "movies.country", "pk": 241, "fields": {"english_name": "Czechoslovakia", "korean_name": "Czechoslovakia", "iso_3166_1": "XC", "area": null}}, {"model": "movies.country", "pk": 242, "fields": {"english_name": "East Germany", "korean_name": "East Germany", "iso_3166_1": "XG", "area": null}}, {"model": "movies.country", "pk": 243, "fields": {"english_name": "Northern Ireland", "korean_name": "Northern Ireland", "iso_3166_1": "XI", "area": null}}, {"model": "movies.country", "pk": 244, "fields": {"english_name": "Kosovo", "korean_name": "코소보", "iso_3166_1": "XK", "area": null}}, {"model": "movies.country", "pk": 245, "fields": {"english_name": "Yemen", "korean_name": "예멘", "iso_3166_1": "YE", "area": null}}, {"model": "movies.country", "pk": 246, "fields": {"english_name": "Mayotte", "korean_name": "마요티", "iso_3166_1": "YT", "area": null}}, {"model": "movies.country", "pk": 247, "fields": {"english_name": "Yugoslavia", "korean_name": "Yugoslavia", "iso_3166_1": "YU", "area": null}}, {"model": "movies.country", "pk": 248, "fields": {"english_name": "South Africa", "korean_name": "남아프리카", "iso_3166_1": "ZA", "area": 10}}, {"model": "movies.country", "pk": 249, "fields": {"english_name": "Zambia", "korean_name": "잠비아", "iso_3166_1": "ZM", "area": null}}, {"model": "movies.country", "pk": 250, "fields": {"english_name": "Zaire", "korean_name": "Zaire", "iso_3166_1": "ZR", "area": null}}, {"model": "movies.country", "pk": 251, "fields": {"english_name": "Zimbabwe", "korean_name": "짐바브웨", "iso_3166_1": "ZW", "area": null}}]